0,13,0,25,0,7.925910,99.085985,2.328988,0.000000,2,3.336260,-0.023557,1.000000,1.000000,-3.326840,-2.331340,1.000000,1.000000
1,2,1,4,3,24.655283,314.636288,1.757971,0.000000,3,-7.247720,-7.363070,1.000000,1.000000,7.267820,5.568330,1.000000,1.000000
2,10,1,16,3,18.423206,260.201376,0.848239,0.000000,2,6.981310,5.053220,1.000000,1.000000,-6.962520,-5.739610,1.000000,1.000000
3,45,1,240,3,8.178175,130.136699,0.427742,-0.000000,1,-3.537330,-1.072890,1.000000,1.000000,3.542870,0.667998,1.000000,1.000000
4,176,1,880,3,0.263444,54.405688,0.000000,1.000000,1,1.897310,1.684690,1.000000,1.000000,-1.896810,-1.581300,1.000000,1.000000
5,178,1,882,3,0.261292,54.802284,0.000000,1.000000,1,1.904790,1.698050,1.000000,1.000000,-1.904300,-1.594240,1.000000,1.000000
6,1,2,3,4,24.655283,314.636288,1.757971,-0.000000,3,7.267820,5.568330,1.000000,1.000000,-7.247720,-7.363070,1.000000,1.000000
7,5,2,8,4,34.144819,556.094932,0.429810,-0.000000,2,-13.345100,7.617290,1.000000,1.000000,13.367300,-7.761400,1.000000,1.000000
8,6,2,9,4,34.144819,556.094932,0.429810,-0.000000,2,-12.705600,7.389650,1.000000,1.000000,12.726000,-7.564310,1.000000,1.000000
9,7,2,10,4,74.024630,1575.677531,0.182224,-0.000000,2,-4.092830,-9.852490,1.000000,1.000000,4.095630,9.694130,1.000000,1.000000
10,82,2,408,4,16.531155,208.331857,1.155164,-0.000000,2,11.379100,5.342320,1.000000,1.000000,-11.326400,-6.014360,1.000000,1.000000
11,83,2,410,4,16.531155,208.331857,1.155164,-0.000000,2,11.495400,5.338980,1.000000,1.000000,-11.441700,-6.000520,1.000000,1.000000
12,4,3,7,6,26.368041,555.892728,0.368254,0.000000,2,9.071470,-3.823190,1.000000,1.000000,-9.063910,3.584520,1.000000,1.000000
13,130,3,648,6,0.572787,44.985058,0.000000,1.047619,1,-4.478890,1.468640,1.000000,1.000000,4.485300,-0.964469,1.000000,1.000000
14,131,3,649,6,0.572787,44.985058,0.000000,1.047619,1,-0.184278,0.962390,1.000000,1.000000,0.184555,-0.940602,1.000000,1.000000
15,132,3,650,6,0.572787,44.985058,0.000000,1.047619,1,-4.408290,1.392160,1.000000,1.000000,4.414470,-0.907197,1.000000,1.000000
16,3,4,6,7,26.368041,555.892728,0.368254,-0.000000,2,-9.063910,3.584520,1.000000,1.000000,9.071470,-3.823190,1.000000,1.000000
17,25,4,90,7,8.817183,208.220910,1.134318,0.000000,2,-0.202835,1.086250,1.000000,1.000000,0.203384,-2.296760,1.000000,1.000000
18,61,4,329,7,3.927109,72.767305,3.154005,0.000000,2,5.460460,-3.103120,1.000000,1.000000,-5.438860,0.020007,1.000000,1.000000
19,67,4,364,7,5.576452,95.410136,2.313165,-0.000000,2,-8.930460,1.553640,1.000000,1.000000,8.979700,-3.179740,1.000000,1.000000
20,68,4,376,7,112.886421,1566.463675,0.150903,0.000000,2,14.375400,-6.205590,1.000000,1.000000,-14.365100,6.183800,1.000000,1.000000
21,194,4,948,7,0.419745,56.388913,0.000000,1.047619,1,-0.827009,1.554390,1.000000,1.000000,0.827422,-1.498870,1.000000,1.000000
22,196,4,950,7,0.410435,55.760097,0.000000,1.047619,1,-0.813047,1.529910,1.000000,1.000000,0.813447,-1.475540,1.000000,1.000000
23,2,5,4,8,34.144819,556.094932,0.429810,0.000000,2,13.367300,-7.761400,1.000000,1.000000,-13.345100,7.617290,1.000000,1.000000
24,2,6,4,9,34.144819,556.094932,0.429810,0.000000,2,12.726000,-7.564310,1.000000,1.000000,-12.705600,7.389650,1.000000,1.000000
25,2,7,4,10,74.024630,1575.677531,0.182224,0.000000,2,4.095630,9.694130,1.000000,1.000000,-4.092830,-9.852490,1.000000,1.000000
26,8,7,11,10,15.333284,325.738602,1.700851,-0.000000,3,-48.834200,22.699600,1.000000,1.000000,49.187900,-17.138600,1.000000,1.000000
27,45,7,240,10,32.688283,527.570373,0.472023,0.000000,2,-1.164500,10.588600,1.000000,1.000000,1.176140,-10.958400,1.000000,1.000000
28,274,7,2245,10,99.009901,990.099010,0.000000,1.000000,1,-0.001456,12.632100,1.000000,1.000000,0.014734,-12.499300,1.000000,1.000000
29,275,7,2246,10,99.009901,990.099010,0.000000,1.000000,1,-0.001872,-12.570400,1.000000,1.000000,0.015020,12.701800,1.000000,1.000000
30,7,8,10,11,15.333284,325.738602,1.700851,0.000000,3,49.187900,-17.138600,1.000000,1.000000,-48.834200,22.699600,1.000000,1.000000
31,139,8,661,11,0.554965,44.596127,0.000000,1.047619,1,-6.186520,2.206060,1.000000,1.000000,6.198600,-1.235380,1.000000,1.000000
32,140,8,662,11,0.554965,44.596127,0.000000,1.047619,1,-5.993790,2.162820,1.000000,1.000000,6.005160,-1.249210,1.000000,1.000000
33,141,8,663,11,0.554965,44.596127,0.000000,1.047619,1,-6.045070,2.110640,1.000000,1.000000,6.056550,-1.188160,1.000000,1.000000
34,142,8,664,11,0.554965,44.596127,0.000000,1.047619,1,-6.093060,2.091660,1.000000,1.000000,6.104680,-1.157860,1.000000,1.000000
35,143,8,665,11,0.554965,44.596127,0.000000,1.047619,1,-6.312480,2.275160,1.000000,1.000000,6.325090,-1.262080,1.000000,1.000000
36,144,8,666,11,0.554965,44.596127,0.000000,1.047619,1,-6.186500,2.214080,1.000000,1.000000,6.198590,-1.242610,1.000000,1.000000
37,145,8,667,11,0.554965,44.596127,0.000000,1.047619,1,-6.276140,2.019150,1.000000,1.000000,6.288310,-1.041110,1.000000,1.000000
38,146,8,668,11,0.554965,44.596127,0.000000,1.047619,1,-6.095570,2.059020,1.000000,1.000000,6.107160,-1.127580,1.000000,1.000000
39,13,9,25,14,24.588990,304.968546,0.833960,-0.000000,2,1.890070,0.368734,1.000000,1.000000,-1.889020,-1.231660,1.000000,1.000000
40,1,10,3,16,18.423206,260.201376,0.848239,-0.000000,2,-6.962520,-5.739610,1.000000,1.000000,6.981310,5.053220,1.000000,1.000000
41,11,10,17,16,14.049964,176.452321,1.308449,0.000000,2,8.061000,-0.411068,1.000000,1.000000,-8.034460,-0.688387,1.000000,1.000000
42,25,10,90,16,4.149145,69.223278,3.378775,-0.000000,2,-9.599810,0.360247,1.000000,1.000000,9.675990,-2.755180,1.000000,1.000000
43,52,10,266,16,4.586270,62.413998,0.962697,0.000000,1,3.319560,2.562620,1.000000,1.000000,-3.297640,-3.273880,1.000000,1.000000
44,87,10,423,16,36.140569,485.471630,0.508978,0.000000,2,2.136360,0.768501,1.000000,1.000000,-2.135580,-1.316280,1.000000,1.000000
45,182,10,907,16,0.264970,54.563017,0.000000,1.000000,1,1.495790,0.177248,1.000000,1.000000,-1.495610,-0.139428,1.000000,1.000000
46,184,10,909,16,0.307378,56.881160,0.000000,1.000000,1,1.548880,0.303073,1.000000,1.000000,-1.548660,-0.263243,1.000000,1.000000
47,10,11,16,17,14.049964,176.452321,1.308449,-0.000000,2,-8.034460,-0.688387,1.000000,1.000000,8.061000,-0.411068,1.000000,1.000000
48,13,12,25,24,8.985440,123.928052,0.491207,0.000000,1,0.608133,-0.084803,1.000000,1.000000,-0.607912,-0.427433,1.000000,1.000000
49,0,13,0,25,7.925910,99.085985,2.328988,-0.000000,2,-3.326840,-2.331340,1.000000,1.000000,3.336260,-0.023557,1.000000,1.000000
50,9,13,14,25,24.588990,304.968546,0.833960,0.000000,2,-1.889020,-1.231660,1.000000,1.000000,1.890070,0.368734,1.000000,1.000000
51,12,13,24,25,8.985440,123.928052,0.491207,-0.000000,1,-0.607912,-0.427433,1.000000,1.000000,0.608133,-0.084803,1.000000,1.000000
52,52,13,266,25,6.837153,99.020497,0.583802,0.000000,1,1.025930,2.114540,1.000000,1.000000,-1.021360,-2.645210,1.000000,1.000000
53,180,13,887,25,0.300022,55.329530,0.000000,1.000000,1,2.376170,0.898109,1.000000,1.000000,-2.375570,-0.786755,1.000000,1.000000
54,181,13,889,25,0.413821,55.778712,0.000000,1.000000,1,2.422060,0.977720,1.000000,1.000000,-2.421190,-0.860939,1.000000,1.000000
55,164,14,826,31,27.848860,-589.351501,0.000000,1.000000,1,-3.471030,-0.337022,1.000000,1.000000,3.471940,0.317667,1.000000,1.000000
56,166,14,828,31,22.276556,-580.540551,0.000000,1.000000,1,-3.483040,0.836448,1.000000,1.000000,3.483830,-0.857195,1.000000,1.000000
57,16,15,37,36,3.349949,48.871819,1.115229,0.000000,1,-4.043400,0.927033,1.000000,1.000000,4.067770,-1.739930,1.000000,1.000000
58,25,15,90,36,99.009901,990.099010,0.001000,0.000000,1,4.043340,-0.927025,1.000000,1.000000,-4.041730,0.942045,1.000000,1.000000
59,15,16,36,37,3.349949,48.871819,1.115229,-0.000000,1,4.067770,-1.739930,1.000000,1.000000,-4.043400,0.927033,1.000000,1.000000
60,17,16,38,37,18.339869,275.250233,0.202708,-0.000000,1,4.714350,-0.257947,1.000000,1.000000,-4.709130,0.128501,1.000000,1.000000
61,73,16,386,37,28.160650,396.545899,0.615906,0.000000,2,7.838590,-2.253970,1.000000,1.000000,-7.827270,1.779260,1.000000,1.000000
62,152,16,684,37,0.543658,42.495595,0.000000,1.047619,1,-0.682141,0.874515,1.000000,1.000000,0.682537,-0.843555,1.000000,1.000000
63,153,16,685,37,0.543658,42.495595,0.000000,1.047619,1,-4.917580,1.034220,1.000000,1.000000,4.925710,-0.398661,1.000000,1.000000
64,154,16,686,37,0.543658,42.495595,0.000000,1.047619,1,-5.511730,1.269720,1.000000,1.000000,5.522030,-0.464544,1.000000,1.000000
65,155,16,687,37,0.543658,42.495595,0.000000,1.047619,1,-5.509480,1.073410,1.000000,1.000000,5.519620,-0.280431,1.000000,1.000000
66,16,17,37,38,18.339869,275.250233,0.202708,0.000000,1,-4.709130,0.128501,1.000000,1.000000,4.714350,-0.257947,1.000000,1.000000
67,75,17,388,38,95.316424,1304.078765,0.185482,0.000000,2,1.856600,-1.359590,1.000000,1.000000,-1.856330,1.173050,1.000000,1.000000
68,188,17,923,38,0.345416,56.816082,0.000000,1.047619,1,1.436790,0.543587,1.000000,1.000000,-1.436510,-0.499120,1.000000,1.000000
69,189,17,925,38,0.266742,57.034057,0.000000,1.047619,1,1.415410,0.687498,1.000000,1.000000,-1.415190,-0.641019,1.000000,1.000000
70,77,18,393,42,74.226375,516.842154,0.015107,-0.000000,2,-2.958390,-0.924774,1.000000,1.000000,2.960880,0.926118,1.000000,1.000000
71,30,19,159,67,26.929493,212.121677,0.033196,0.000000,2,-1.011660,-0.561307,1.000000,1.000000,1.012420,0.532986,1.000000,1.000000
72,21,20,74,73,16.885936,131.685621,0.013397,0.000000,1,-0.807102,0.226968,1.000000,1.000000,0.807768,-0.235360,1.000000,1.000000
73,23,20,81,73,16.351148,125.263862,0.052745,-0.000000,2,0.462718,-0.124471,1.000000,1.000000,-0.462492,0.072640,1.000000,1.000000
74,55,20,286,73,9.147441,51.463918,0.028711,-0.000000,1,0.162834,-0.011328,1.000000,1.000000,-0.162747,-0.017309,1.000000,1.000000
75,56,20,287,73,2.994059,17.410106,0.054300,0.000000,1,0.201561,-0.035803,1.000000,1.000000,-0.201176,-0.017008,1.000000,1.000000
76,277,20,2279,73,0.095313,10.063813,0.000000,1.000000,1,-0.009828,-0.028166,1.000000,1.000000,0.009829,0.028253,1.000000,1.000000
77,278,20,2282,73,0.147944,10.048073,0.000000,1.000000,1,-0.010188,-0.027200,1.000000,1.000000,0.010189,0.027283,1.000000,1.000000
78,20,21,73,74,16.885936,131.685621,0.013397,-0.000000,1,0.807768,-0.235360,1.000000,1.000000,-0.807102,0.226968,1.000000,1.000000
79,32,22,187,78,3.778513,30.808077,0.055255,-0.000000,1,1.310130,-0.975655,1.000000,1.000000,-1.300720,0.990823,1.000000,1.000000
80,20,23,73,81,16.351148,125.263862,0.052745,0.000000,2,-0.462492,0.072640,1.000000,1.000000,0.462718,-0.124471,1.000000,1.000000
81,34,23,204,81,7.709591,50.379888,0.030164,0.000000,1,-1.522060,0.238346,1.000000,1.000000,1.529020,-0.223523,1.000000,1.000000
82,39,23,228,81,4.614521,25.242244,0.036484,0.000000,1,-0.489393,-0.023456,1.000000,1.000000,0.491045,-0.004702,1.000000,1.000000
83,63,23,339,81,2.360777,19.352592,0.090960,0.000000,1,-0.405193,0.064013,1.000000,1.000000,0.406271,-0.147308,1.000000,1.000000
84,78,23,401,81,2.362019,19.540411,0.090312,0.000000,1,0.141629,-0.131367,1.000000,1.000000,-0.141464,0.040676,1.000000,1.000000
85,101,23,472,81,7.782393,81.045597,0.011804,-0.000000,1,-0.063876,-0.196563,1.000000,1.000000,0.063922,0.185031,1.000000,1.000000
86,168,23,841,81,24.405228,-548.364383,0.000000,1.050000,1,1.213580,-0.005914,1.000000,1.000000,-1.213450,0.003005,1.000000,1.000000
87,250,23,2026,81,41.949828,-746.706939,0.000000,1.050000,1,1.588040,-0.017712,1.000000,1.000000,-1.587830,0.014057,1.000000,1.000000
88,30,24,159,83,44.194222,399.726326,0.015539,-0.000000,2,-2.878650,0.449434,1.000000,1.000000,2.880890,-0.445263,1.000000,1.000000
89,4,25,7,90,8.817183,208.220910,1.134318,-0.000000,2,0.203384,-2.296760,1.000000,1.000000,-0.202835,1.086250,1.000000,1.000000
90,10,25,16,90,4.149145,69.223278,3.378775,0.000000,2,9.675990,-2.755180,1.000000,1.000000,-9.599810,0.360247,1.000000,1.000000
91,15,25,36,90,99.009901,990.099010,0.001000,-0.000000,1,-4.041730,0.942045,1.000000,1.000000,4.043340,-0.927025,1.000000,1.000000
92,29,25,150,90,2.667707,46.362455,1.227832,0.000000,1,3.650810,-0.935824,1.000000,1.000000,-3.635320,-0.114740,1.000000,1.000000
93,74,25,387,90,99.009901,990.099010,0.001000,-0.000000,1,-3.474490,0.815714,1.000000,1.000000,3.475680,-0.804885,1.000000,1.000000
94,90,25,431,90,99.009901,990.099010,0.001000,-0.000000,1,-3.216890,0.657253,1.000000,1.000000,3.217900,-0.648252,1.000000,1.000000
95,168,25,841,90,0.242205,55.369926,0.000000,1.047619,1,-1.211980,1.544080,1.000000,1.000000,1.212290,-1.472740,1.000000,1.000000
96,250,25,2026,90,0.269552,72.699837,0.000000,1.047619,1,-1.585900,2.028640,1.000000,1.000000,1.586250,-1.935140,1.000000,1.000000
97,31,26,185,102,6.717212,157.367549,1.595740,0.000000,2,11.698900,-1.718620,1.000000,1.000000,-11.664000,0.828109,1.000000,1.000000
98,57,27,289,125,29.343453,151.963157,0.015688,0.000000,1,-0.710137,-0.248255,1.000000,1.000000,0.710770,0.234437,1.000000,1.000000
99,118,27,590,125,48.584795,351.319101,0.021535,0.000000,2,-0.853095,-0.394121,1.000000,1.000000,0.853405,0.372921,1.000000,1.000000
100,176,28,880,136,18.590037,-511.356942,0.000000,1.000000,1,-1.895330,-0.045925,1.000000,1.000000,1.895560,0.039450,1.000000,1.000000
101,178,28,882,136,19.911324,-529.192526,0.000000,1.000000,1,-1.902840,-0.058053,1.000000,1.000000,1.903070,0.051745,1.000000,1.000000
102,25,29,90,150,2.667707,46.362455,1.227832,-0.000000,1,-3.635320,-0.114740,1.000000,1.000000,3.650810,-0.935824,1.000000,1.000000
103,37,29,224,150,26.321248,356.406905,0.662784,0.000000,2,14.569600,-1.054880,1.000000,1.000000,-14.529000,0.889863,1.000000,1.000000
104,60,29,328,150,26.051368,470.143579,0.550997,0.000000,2,-0.013318,-4.480200,1.000000,1.000000,0.015223,3.915000,1.000000,1.000000
105,86,29,419,150,4.085326,69.670958,3.191523,-0.000000,2,-7.121520,-1.385590,1.000000,1.000000,7.161020,-1.404370,1.000000,1.000000
106,126,29,628,150,12.180396,169.657581,0.287751,-0.000000,1,-0.787807,4.344030,1.000000,1.000000,0.795946,-4.533830,1.000000,1.000000
107,174,29,877,150,0.262544,55.575929,0.000000,1.000000,1,-1.515830,1.281350,1.000000,1.000000,1.516140,-1.215670,1.000000,1.000000
108,202,29,965,150,0.305231,53.915348,0.000000,1.000000,1,-1.496670,1.410080,1.000000,1.000000,1.497080,-1.337410,1.000000,1.000000
109,19,30,67,159,26.929493,212.121677,0.033196,-0.000000,2,1.012420,0.532986,1.000000,1.000000,-1.011660,-0.561307,1.000000,1.000000
110,24,30,83,159,44.194222,399.726326,0.015539,0.000000,2,2.880890,-0.445263,1.000000,1.000000,-2.878650,0.449434,1.000000,1.000000
111,33,30,197,159,6.954746,45.719112,0.035140,-0.000000,1,-1.529400,0.038585,1.000000,1.000000,1.536760,-0.026763,1.000000,1.000000
112,47,30,243,159,7.218919,45.990000,0.037743,0.000000,1,-0.982491,0.027258,1.000000,1.000000,0.985603,-0.046606,1.000000,1.000000
113,106,30,508,159,28.007417,314.462710,0.031552,-0.000000,2,-4.401100,1.444810,1.000000,1.000000,4.406940,-1.411850,1.000000,1.000000
114,108,30,523,159,6.394436,47.255611,0.007476,0.000000,1,0.005094,-0.101650,1.000000,1.000000,-0.005068,0.094086,1.000000,1.000000
115,174,30,877,159,21.769328,-494.090361,0.000000,1.000000,1,1.516870,-0.149607,1.000000,1.000000,-1.516670,0.145075,1.000000,1.000000
116,202,30,965,159,9.749756,-402.989925,0.000000,1.000000,1,1.497300,-1.347130,1.000000,1.000000,-1.497060,1.337410,1.000000,1.000000
117,26,31,102,185,6.717212,157.367549,1.595740,-0.000000,2,-11.664000,0.828109,1.000000,1.000000,11.698900,-1.718620,1.000000,1.000000
118,44,31,239,185,127.333904,1844.865032,0.571551,-0.000000,4,11.498800,-1.534550,1.000000,1.000000,-11.494200,0.986425,1.000000,1.000000
119,65,31,342,185,43.628400,667.431809,0.335973,0.000000,2,-12.900800,0.551083,1.000000,1.000000,12.915900,-0.681237,1.000000,1.000000
120,114,31,580,185,33.547001,502.918139,0.471071,-0.000000,2,1.704650,-0.793838,1.000000,1.000000,-1.704260,0.292417,1.000000,1.000000
121,186,31,911,185,0.182490,48.369245,0.000000,1.000000,1,5.681800,0.476209,1.000000,1.000000,-5.679440,0.148385,1.000000,1.000000
122,187,31,913,185,0.165058,48.215443,0.000000,1.000000,1,5.678560,0.472805,1.000000,1.000000,-5.676420,0.153012,1.000000,1.000000
123,22,32,78,187,3.778513,30.808077,0.055255,0.000000,1,-1.300720,0.990823,1.000000,1.000000,1.310130,-0.975655,1.000000,1.000000
124,36,32,208,187,46.447657,439.785967,0.016154,0.000000,2,1.773820,0.189641,1.000000,1.000000,-1.773150,-0.201771,1.000000,1.000000
125,85,32,418,187,25.618586,198.977117,0.036095,0.000000,2,-0.610292,0.849528,1.000000,1.000000,0.610923,-0.885661,1.000000,1.000000
126,121,32,605,187,8.862869,90.868212,0.082555,0.000000,2,2.415590,0.692055,1.000000,1.000000,-2.409640,-0.724376,1.000000,1.000000
127,170,32,851,187,14.654159,-454.072525,0.000000,1.000000,1,-1.133500,-1.204660,1.000000,1.000000,1.133670,1.199380,1.000000,1.000000
128,172,32,853,187,5.645136,-506.522699,0.000000,1.000000,1,-1.145300,-1.517380,1.000000,1.000000,1.145370,1.511130,1.000000,1.000000
129,30,33,159,197,6.954746,45.719112,0.035140,0.000000,1,1.536760,-0.026763,1.000000,1.000000,-1.529400,0.038585,1.000000,1.000000
130,47,33,243,197,16.000431,101.105539,0.017200,0.000000,1,1.230030,-0.010590,1.000000,1.000000,-1.227820,0.006647,1.000000,1.000000
131,23,34,81,204,7.709591,50.379888,0.030164,-0.000000,1,1.529020,-0.223523,1.000000,1.000000,-1.522060,0.238346,1.000000,1.000000
132,35,34,205,204,13.368585,83.033766,0.010646,-0.000000,1,-0.644776,0.172597,1.000000,1.000000,0.645608,-0.178232,1.000000,1.000000
133,156,34,772,204,0.103041,4.415571,0.000000,1.052174,1,-0.440733,0.025327,1.000000,1.000000,0.441855,0.022745,1.000000,1.000000
134,157,34,773,204,0.105760,4.481507,0.000000,1.052174,1,-0.443523,0.025603,1.000000,1.000000,0.444655,0.022365,1.000000,1.000000
135,34,35,204,205,13.368585,83.033766,0.010646,0.000000,1,0.645608,-0.178232,1.000000,1.000000,-0.644776,0.172597,1.000000,1.000000
136,32,36,187,208,46.447657,439.785967,0.016154,-0.000000,2,-1.773150,-0.201771,1.000000,1.000000,1.773820,0.189641,1.000000,1.000000
137,29,37,150,224,26.321248,356.406905,0.662784,-0.000000,2,-14.529000,0.889863,1.000000,1.000000,14.569600,-1.054880,1.000000,1.000000
138,38,37,225,224,14.066935,218.085303,4.104553,0.000000,4,-18.687300,3.438450,1.000000,1.000000,18.791300,-6.184310,1.000000,1.000000
139,46,37,241,224,28.578039,337.398210,1.222250,-0.000000,2,9.745110,-4.631480,1.000000,1.000000,-9.719520,3.603290,1.000000,1.000000
140,65,37,342,224,34.731602,506.005172,0.453892,0.000000,2,16.500700,-0.631857,1.000000,1.000000,-16.466600,0.639449,1.000000,1.000000
141,164,37,826,224,0.229030,56.012059,0.000000,1.000000,1,3.472860,0.521812,1.000000,1.000000,-3.472030,-0.317694,1.000000,1.000000
142,166,37,828,224,0.231097,56.264172,0.000000,1.000000,1,3.495680,0.413181,1.000000,1.000000,-3.494840,-0.209030,1.000000,1.000000
143,37,38,224,225,14.066935,218.085303,4.104553,-0.000000,4,18.791300,-6.184310,1.000000,1.000000,-18.687300,3.438450,1.000000,1.000000
144,48,38,244,225,32.592052,451.574155,0.130815,-0.000000,1,-3.898020,-0.532435,1.000000,1.000000,3.900370,0.427922,1.000000,1.000000
145,158,38,780,225,0.525199,42.262473,0.000000,1.047619,1,-4.199660,0.816451,1.000000,1.000000,4.205310,-0.361873,1.000000,1.000000
146,159,38,781,225,0.516840,41.996328,0.000000,1.047619,1,-1.305230,0.458792,1.000000,1.000000,1.305810,-0.410954,1.000000,1.000000
147,160,38,782,225,0.518992,42.155682,0.000000,1.047619,1,-4.946360,0.879049,1.000000,1.000000,4.954100,-0.250638,1.000000,1.000000
148,161,38,783,225,0.513313,41.996414,0.000000,1.047619,1,-4.442840,0.798747,1.000000,1.000000,4.449070,-0.289475,1.000000,1.000000
149,23,39,81,228,4.614521,25.242244,0.036484,-0.000000,1,0.491045,-0.004702,1.000000,1.000000,-0.489393,-0.023456,1.000000,1.000000
150,40,39,229,228,13.540050,70.063014,0.013687,0.000000,1,-0.491049,0.004702,1.000000,1.000000,0.491675,-0.015481,1.000000,1.000000
151,39,40,228,229,13.540050,70.063014,0.013687,-0.000000,1,0.491675,-0.015481,1.000000,1.000000,-0.491049,0.004702,1.000000,1.000000
152,42,41,232,231,7.253327,39.920102,0.092771,0.000000,2,-0.404887,0.302833,1.000000,1.000000,0.406120,-0.390413,1.000000,1.000000
153,43,41,233,231,9.957622,44.739809,0.104398,-0.000000,2,0.099727,-0.278398,1.000000,1.000000,-0.099446,0.172318,1.000000,1.000000
154,215,41,1604,231,0.139356,12.022529,0.000000,1.040217,1,0.147595,-0.012383,1.000000,1.000000,-0.147573,0.014311,1.000000,1.000000
155,216,41,1607,231,0.142003,12.018275,0.000000,1.040217,1,0.157538,-0.012052,1.000000,1.000000,-0.157512,0.014247,1.000000,1.000000
156,41,42,231,232,7.253327,39.920102,0.092771,-0.000000,2,0.406120,-0.390413,1.000000,1.000000,-0.404887,0.302833,1.000000,1.000000
157,92,42,442,232,8.146338,39.832071,0.090331,0.000000,2,-0.173585,-0.063002,1.000000,1.000000,0.173733,-0.027677,1.000000,1.000000
158,41,43,231,233,9.957622,44.739809,0.104398,0.000000,2,-0.099446,0.172318,1.000000,1.000000,0.099727,-0.278398,1.000000,1.000000
159,54,43,280,233,8.002596,61.084705,0.223562,-0.000000,3,0.973371,-0.512525,1.000000,1.000000,-0.971114,0.297919,1.000000,1.000000
160,84,43,417,233,20.363719,109.382264,0.017840,-0.000000,1,-0.753029,0.241439,1.000000,1.000000,0.754033,-0.254452,1.000000,1.000000
161,223,43,1727,233,0.120608,10.130687,0.000000,1.016304,1,-0.111904,0.054972,1.000000,1.000000,0.111923,-0.053437,1.000000,1.000000
162,226,43,1730,233,0.123074,10.164727,0.000000,1.016304,1,-0.009008,0.076256,1.000000,1.000000,0.009015,-0.075676,1.000000,1.000000
163,31,44,185,239,127.333904,1844.865032,0.571551,0.000000,4,-11.494200,0.986425,1.000000,1.000000,11.498800,-1.534550,1.000000,1.000000
164,1,45,3,240,8.178175,130.136699,0.427742,0.000000,1,3.542870,0.667998,1.000000,1.000000,-3.537330,-1.072890,1.000000,1.000000
165,7,45,10,240,32.688283,527.570373,0.472023,-0.000000,2,1.176140,-10.958400,1.000000,1.000000,-1.164500,10.588600,1.000000,1.000000
166,59,45,310,240,175.968830,2366.451108,0.100393,-0.000000,2,-3.369360,4.448790,1.000000,1.000000,3.370210,-4.553740,1.000000,1.000000
167,61,45,329,240,15.068430,246.912503,0.973040,-0.000000,2,-3.627720,4.572150,1.000000,1.000000,3.636100,-5.545700,1.000000,1.000000
168,170,45,851,240,0.261590,68.964525,0.000000,1.000000,1,1.133970,0.899909,1.000000,1.000000,-1.133870,-0.873742,1.000000,1.000000
169,172,45,853,240,0.510488,70.742690,0.000000,1.000000,1,1.145900,0.947624,1.000000,1.000000,-1.145700,-0.920711,1.000000,1.000000
170,37,46,224,241,28.578039,337.398210,1.222250,0.000000,2,-9.719520,3.603290,1.000000,1.000000,9.745110,-4.631480,1.000000,1.000000
171,87,46,423,241,20.604811,286.203554,0.791118,0.000000,2,-1.578060,0.202804,1.000000,1.000000,1.578720,-1.060950,1.000000,1.000000
172,127,46,630,241,4.151731,83.889976,2.924614,0.000000,2,7.988250,-2.087530,1.000000,1.000000,-7.953930,-0.445596,1.000000,1.000000
173,190,46,930,241,0.230418,53.667234,0.000000,1.000000,1,1.660680,-0.950532,1.000000,1.000000,-1.660420,1.012660,1.000000,1.000000
174,192,46,932,241,0.232991,53.303886,0.000000,1.000000,1,1.648620,-0.768131,1.000000,1.000000,-1.648370,0.824644,1.000000,1.000000
175,30,47,159,243,7.218919,45.990000,0.037743,-0.000000,1,0.985603,-0.046606,1.000000,1.000000,-0.982491,0.027258,1.000000,1.000000
176,33,47,197,243,16.000431,101.105539,0.017200,-0.000000,1,-1.227820,0.006647,1.000000,1.000000,1.230030,-0.010590,1.000000,1.000000
177,38,48,225,244,32.592052,451.574155,0.130815,0.000000,1,3.900370,0.427922,1.000000,1.000000,-3.898020,-0.532435,1.000000,1.000000
178,113,48,558,244,26.609831,318.806242,0.164308,-0.000000,1,-1.913690,-0.672192,1.000000,1.000000,1.914680,0.511371,1.000000,1.000000
179,162,48,789,244,0.321304,23.972484,0.000000,1.022676,1,-0.997301,0.102662,1.000000,1.000000,0.997861,-0.060859,1.000000,1.000000
180,163,48,790,244,0.318373,23.927224,0.000000,1.022676,1,-0.989377,0.141614,1.000000,1.000000,0.989931,-0.099992,1.000000,1.000000
181,190,49,930,246,16.424919,-431.714054,0.000000,1.000000,1,-1.660060,0.461441,1.000000,1.000000,1.660290,-0.467507,1.000000,1.000000
182,192,49,932,246,16.856810,-425.407889,0.000000,1.002609,1,-1.648010,0.276940,1.000000,1.000000,1.648240,-0.282760,1.000000,1.000000
183,51,50,261,260,9.501948,72.817712,0.024260,0.000000,1,0.027062,-0.061003,1.000000,1.000000,-0.027057,0.035721,1.000000,1.000000
184,54,50,280,260,6.861038,76.467567,0.024135,-0.000000,1,-0.055419,0.057962,1.000000,1.000000,0.055428,-0.083018,1.000000,1.000000
185,124,50,621,260,5.885959,33.612257,0.129471,0.000000,2,0.009827,0.112868,1.000000,1.000000,-0.009669,-0.246347,1.000000,1.000000
186,207,50,1484,260,0.195992,10.104151,0.000000,1.056957,1,0.009664,-0.055266,1.000000,1.000000,-0.009658,0.055600,1.000000,1.000000
187,210,50,1487,260,0.187814,10.063136,0.000000,1.056957,1,0.008746,-0.054561,1.000000,1.000000,-0.008740,0.054886,1.000000,1.000000
188,50,51,260,261,9.501948,72.817712,0.024260,-0.000000,1,-0.027057,0.035721,1.000000,1.000000,0.027062,-0.061003,1.000000,1.000000
189,54,51,280,261,13.331454,114.501428,0.050753,-0.000000,2,-0.123902,0.157049,1.000000,1.000000,0.123949,-0.209577,1.000000,1.000000
190,217,51,1639,261,0.142852,12.091088,0.000000,1.100000,1,0.076643,-0.095962,1.000000,1.000000,-0.076626,0.097407,1.000000,1.000000
191,220,51,1706,261,0.146213,12.078881,0.000000,1.100000,1,0.074170,-0.096809,1.000000,1.000000,-0.074153,0.098235,1.000000,1.000000
192,10,52,16,266,4.586270,62.413998,0.962697,-0.000000,1,-3.297640,-3.273880,1.000000,1.000000,3.319560,2.562620,1.000000,1.000000
193,13,52,25,266,6.837153,99.020497,0.583802,-0.000000,1,-1.021360,-2.645210,1.000000,1.000000,1.025930,2.114540,1.000000,1.000000
194,198,52,955,266,0.158125,47.527991,0.000000,1.000000,1,2.149660,-0.059977,1.000000,1.000000,-2.149330,0.157484,1.000000,1.000000
195,200,52,957,266,0.135369,47.498783,0.000000,1.000000,1,2.168590,-0.008315,1.000000,1.000000,-2.168310,0.107533,1.000000,1.000000
196,198,53,955,277,16.394504,-402.558127,0.000000,1.000000,1,-2.148750,0.542176,1.000000,1.000000,2.149250,-0.554368,1.000000,1.000000
197,200,53,957,277,17.014497,-376.162179,0.000000,1.000000,1,-2.167740,0.095045,1.000000,1.000000,2.168300,-0.107548,1.000000,1.000000
198,43,54,233,280,8.002596,61.084705,0.223562,0.000000,3,-0.971114,0.297919,1.000000,1.000000,0.973371,-0.512525,1.000000,1.000000
199,50,54,260,280,6.861038,76.467567,0.024135,0.000000,1,0.055428,-0.083018,1.000000,1.000000,-0.055419,0.057962,1.000000,1.000000
200,51,54,261,280,13.331454,114.501428,0.050753,0.000000,2,0.123949,-0.209577,1.000000,1.000000,-0.123902,0.157049,1.000000,1.000000
201,64,54,340,280,45.815866,325.721141,0.018853,0.000000,2,0.321081,0.050492,1.000000,1.000000,-0.321038,-0.069812,1.000000,1.000000
202,94,54,447,280,7.669264,57.707567,0.037040,0.000000,1,-1.044550,0.405556,1.000000,1.000000,1.047320,-0.423168,1.000000,1.000000
203,115,54,582,280,19.250274,101.056001,0.015572,-0.000000,1,-0.042523,1.381300,1.000000,1.000000,0.045898,-1.379600,1.000000,1.000000
204,120,54,599,280,3.362044,27.389807,0.063286,-0.000000,1,-0.082979,0.098757,1.000000,1.000000,0.083082,-0.163555,1.000000,1.000000
205,194,54,948,280,8.729516,-440.355582,0.000000,1.052174,1,0.827808,-0.982657,1.000000,1.000000,-0.827729,0.978674,1.000000,1.000000
206,196,54,950,280,9.293632,-454.355358,0.000000,1.052174,1,0.813827,-0.958776,1.000000,1.000000,-0.813751,0.955078,1.000000,1.000000
207,20,55,73,286,9.147441,51.463918,0.028711,0.000000,1,-0.162747,-0.017309,1.000000,1.000000,0.162834,-0.011328,1.000000,1.000000
208,56,55,287,286,4.870991,26.736901,0.054674,0.000000,1,0.225087,-0.045457,1.000000,1.000000,-0.224756,-0.008116,1.000000,1.000000
209,20,56,73,287,2.994059,17.410106,0.054300,-0.000000,1,-0.201176,-0.017008,1.000000,1.000000,0.201561,-0.035803,1.000000,1.000000
210,55,56,286,287,4.870991,26.736901,0.054674,-0.000000,1,-0.224756,-0.008116,1.000000,1.000000,0.225087,-0.045457,1.000000,1.000000
211,27,57,125,289,29.343453,151.963157,0.015688,-0.000000,1,0.710770,0.234437,1.000000,1.000000,-0.710137,-0.248255,1.000000,1.000000
212,58,57,290,289,39.869445,246.178664,0.028205,-0.000000,2,1.228500,0.082482,1.000000,1.000000,-1.227610,-0.107748,1.000000,1.000000
213,118,57,590,289,65.434357,506.885322,0.014816,0.000000,2,1.067720,0.370949,1.000000,1.000000,-1.067430,-0.384833,1.000000,1.000000
214,182,57,907,289,18.556123,-565.321870,0.000000,1.000000,1,-1.479970,0.303654,1.000000,1.000000,1.480090,-0.307347,1.000000,1.000000
215,184,57,909,289,22.776959,-637.348111,0.000000,1.000000,1,-1.526980,-0.991485,1.000000,1.000000,1.527150,0.986729,1.000000,1.000000
216,57,58,289,290,39.869445,246.178664,0.028205,0.000000,2,-1.227610,-0.107748,1.000000,1.000000,1.228500,0.082482,1.000000,1.000000
217,45,59,240,310,175.968830,2366.451108,0.100393,0.000000,2,3.370210,-4.553740,1.000000,1.000000,-3.369360,4.448790,1.000000,1.000000
218,201,59,959,310,0.564263,49.854004,0.000000,1.000000,1,-3.370250,4.553750,1.000000,1.000000,3.376540,-3.997750,1.000000,1.000000
219,29,60,150,328,26.051368,470.143579,0.550997,-0.000000,2,0.015223,3.915000,1.000000,1.000000,-0.013318,-4.480200,1.000000,1.000000
220,61,60,329,328,25.924016,344.253498,0.703707,0.000000,2,-1.800930,-4.569790,1.000000,1.000000,1.805050,3.843550,1.000000,1.000000
221,203,60,969,328,0.270006,55.391139,0.000000,1.000000,1,1.784740,1.299190,1.000000,1.000000,-1.784340,-1.219000,1.000000,1.000000
222,205,60,971,328,0.266908,55.388101,0.000000,1.000000,1,0.000197,-0.644398,1.000000,1.000000,-0.000164,0.651232,1.000000,1.000000
223,4,61,7,329,3.927109,72.767305,3.154005,-0.000000,2,-5.438860,0.020007,1.000000,1.000000,5.460460,-3.103120,1.000000,1.000000
224,45,61,240,329,15.068430,246.912503,0.973040,0.000000,2,3.636100,-5.545700,1.000000,1.000000,-3.627720,4.572150,1.000000,1.000000
225,60,61,328,329,25.924016,344.253498,0.703707,-0.000000,2,1.805050,3.843550,1.000000,1.000000,-1.800930,-4.569790,1.000000,1.000000
226,63,62,339,338,3.741128,21.330571,0.046206,0.000000,1,-0.291821,-0.041295,1.000000,1.000000,0.292501,-0.001350,1.000000,1.000000
227,23,63,81,339,2.360777,19.352592,0.090960,-0.000000,1,0.406271,-0.147308,1.000000,1.000000,-0.405193,0.064013,1.000000,1.000000
228,62,63,338,339,3.741128,21.330571,0.046206,-0.000000,1,0.292501,-0.001350,1.000000,1.000000,-0.291821,-0.041295,1.000000,1.000000
229,80,63,403,339,3.558830,20.490521,0.051318,0.000000,1,-0.740361,0.054352,1.000000,1.000000,0.744879,-0.080323,1.000000,1.000000
230,214,63,1529,339,0.111592,6.347285,0.000000,1.028261,1,0.041526,0.094306,1.000000,1.000000,-0.041495,-0.092556,1.000000,1.000000
231,54,64,280,340,45.815866,325.721141,0.018853,-0.000000,2,-0.321038,-0.069812,1.000000,1.000000,0.321081,0.050492,1.000000,1.000000
232,229,64,1808,340,0.258520,20.049606,0.000000,0.992391,1,0.162170,0.027794,1.000000,1.000000,-0.162154,-0.026516,1.000000,1.000000
233,232,64,1811,340,0.258520,20.049606,0.000000,0.992391,1,0.158869,0.042018,1.000000,1.000000,-0.158852,-0.040744,1.000000,1.000000
234,31,65,185,342,43.628400,667.431809,0.335973,-0.000000,2,12.915900,-0.681237,1.000000,1.000000,-12.900800,0.551083,1.000000,1.000000
235,37,65,224,342,34.731602,506.005172,0.453892,-0.000000,2,-16.466600,0.639449,1.000000,1.000000,16.500700,-0.631857,1.000000,1.000000
236,235,65,1820,342,0.228989,48.838975,0.000000,1.000000,1,1.780020,0.021137,1.000000,1.000000,-1.779740,0.039122,1.000000,1.000000
237,237,65,1822,342,0.229532,48.644147,0.000000,1.000000,1,1.769980,0.020625,1.000000,1.000000,-1.769690,0.039194,1.000000,1.000000
238,235,66,1820,347,3.890625,-319.952690,0.000000,1.000000,1,-1.779480,-0.596986,1.000000,1.000000,1.779600,0.586796,1.000000,1.000000
239,237,66,1822,347,3.723941,-321.603711,0.000000,1.000000,1,-1.769440,-0.596782,1.000000,1.000000,1.769550,0.586747,1.000000,1.000000
240,4,67,7,364,5.576452,95.410136,2.313165,0.000000,2,8.979700,-3.179740,1.000000,1.000000,-8.930460,1.553640,1.000000,1.000000
241,98,67,459,364,35.007688,670.102158,0.296897,-0.000000,2,-2.643570,0.781770,1.000000,1.000000,2.644150,-1.081310,1.000000,1.000000
242,112,67,549,364,11.712696,203.825917,0.282011,-0.000000,1,-1.775870,-0.192606,1.000000,1.000000,1.776710,-0.088345,1.000000,1.000000
243,238,67,1915,364,0.240791,51.439202,0.000000,1.047619,1,-2.272010,1.286590,1.000000,1.000000,2.272660,-1.147770,1.000000,1.000000
244,240,67,1917,364,0.235679,52.047025,0.000000,1.047619,1,-2.289150,1.303990,1.000000,1.000000,2.289780,-1.164300,1.000000,1.000000
245,4,68,7,376,112.886421,1566.463675,0.150903,-0.000000,2,-14.365100,6.183800,1.000000,1.000000,14.375400,-6.205590,1.000000,1.000000
246,86,68,419,376,39.971553,347.878245,0.684711,-0.000000,2,-11.608800,1.492800,1.000000,1.000000,11.650000,-1.881900,1.000000,1.000000
247,93,68,446,376,26.716855,350.406574,1.473839,-0.000000,3,-8.241330,8.250940,1.000000,1.000000,8.271010,-9.438630,1.000000,1.000000
248,133,68,651,376,0.560831,44.592001,0.000000,1.077279,1,0.000795,1.629860,1.000000,1.000000,-0.000000,-1.566630,1.000000,1.000000
249,134,68,652,376,0.560831,44.592001,0.000000,1.077279,1,0.000795,1.629860,1.000000,1.000000,-0.000000,-1.566630,1.000000,1.000000
250,70,69,378,377,4.750379,29.114017,0.058220,0.000000,1,0.598805,-0.134582,1.000000,1.000000,-0.596790,0.088584,1.000000,1.000000
251,72,69,381,377,21.495574,127.896983,0.013994,-0.000000,1,-0.553052,0.131450,1.000000,1.000000,0.553467,-0.142996,1.000000,1.000000
252,242,69,1932,377,0.071714,2.395118,0.000000,1.025870,1,-0.045752,0.003131,1.000000,1.000000,0.045780,-0.002210,1.000000,1.000000
253,69,70,377,378,4.750379,29.114017,0.058220,-0.000000,1,-0.596790,0.088584,1.000000,1.000000,0.598805,-0.134582,1.000000,1.000000
254,71,70,379,378,7.442481,56.862792,0.027698,-0.000000,1,-0.774635,-0.019328,1.000000,1.000000,0.775990,0.001852,1.000000,1.000000
255,100,70,464,378,18.936000,115.001561,0.009576,-0.000000,1,-0.448943,0.055411,1.000000,1.000000,0.449228,-0.063281,1.000000,1.000000
256,103,70,481,378,1.634501,13.468254,0.122329,0.000000,1,-1.719040,0.283056,1.000000,1.000000,1.746270,-0.181193,1.000000,1.000000
257,116,70,585,378,5.031978,41.664848,0.041817,-0.000000,1,-0.987176,-0.014685,1.000000,1.000000,0.989954,-0.004372,1.000000,1.000000
258,122,70,606,378,6.593522,39.556310,0.021336,0.000000,1,-0.037293,-0.001516,1.000000,1.000000,0.037299,-0.019838,1.000000,1.000000
259,238,70,1915,378,4.053500,-251.633671,0.000000,1.050000,1,2.273800,-0.187564,1.000000,1.000000,-2.273440,0.164823,1.000000,1.000000
260,240,70,1917,378,4.619941,-258.716673,0.000000,1.050000,1,2.290960,-0.203957,1.000000,1.000000,-2.290560,0.181480,1.000000,1.000000
261,70,71,378,379,7.442481,56.862792,0.027698,0.000000,1,0.775990,0.001852,1.000000,1.000000,-0.774635,-0.019328,1.000000,1.000000
262,243,71,1935,379,0.181876,6.645683,0.000000,1.025870,1,-0.510022,-0.009860,1.000000,1.000000,0.511141,0.050772,1.000000,1.000000
263,244,71,1936,379,0.180012,6.656247,0.000000,1.025870,1,-0.306870,0.009276,1.000000,1.000000,0.307271,0.005520,1.000000,1.000000
264,245,71,1937,379,0.058818,4.693151,0.000000,1.025870,1,0.040887,-0.001267,1.000000,1.000000,-0.040882,0.001640,1.000000,1.000000
265,69,72,377,381,21.495574,127.896983,0.013994,0.000000,1,0.553467,-0.142996,1.000000,1.000000,-0.553052,0.131450,1.000000,1.000000
266,16,73,37,386,28.160650,396.545899,0.615906,-0.000000,2,-7.827270,1.779260,1.000000,1.000000,7.838590,-2.253970,1.000000,1.000000
267,74,73,387,386,3.884332,54.714618,1.044656,0.000000,1,3.492540,-1.666280,1.000000,1.000000,-3.475720,0.804891,1.000000,1.000000
268,75,73,388,386,26.557933,362.247186,0.662512,-0.000000,2,-0.408295,0.870337,1.000000,1.000000,0.408614,-1.548410,1.000000,1.000000
269,90,73,431,386,3.513027,50.424077,1.145266,0.000000,1,3.233280,-1.632240,1.000000,1.000000,-3.217930,0.648257,1.000000,1.000000
270,256,73,2056,386,0.108806,46.189120,0.000000,1.000000,1,0.755029,0.324548,1.000000,1.000000,-0.754996,-0.310397,1.000000,1.000000
271,258,73,2058,386,0.104920,45.808280,0.000000,1.000000,1,0.754607,0.324371,1.000000,1.000000,-0.754574,-0.310118,1.000000,1.000000
272,25,74,90,387,99.009901,990.099010,0.001000,0.000000,1,3.475680,-0.804885,1.000000,1.000000,-3.474490,0.815714,1.000000,1.000000
273,73,74,386,387,3.884332,54.714618,1.044656,-0.000000,1,-3.475720,0.804891,1.000000,1.000000,3.492540,-1.666280,1.000000,1.000000
274,17,75,38,388,95.316424,1304.078765,0.185482,-0.000000,2,-1.856330,1.173050,1.000000,1.000000,1.856600,-1.359590,1.000000,1.000000
275,73,75,386,388,26.557933,362.247186,0.662512,0.000000,2,0.408614,-1.548410,1.000000,1.000000,-0.408295,0.870337,1.000000,1.000000
276,246,75,1946,388,0.104394,46.157161,0.000000,1.000000,1,0.723466,0.187538,1.000000,1.000000,-0.723440,-0.175752,1.000000,1.000000
277,247,75,1948,388,0.104732,46.231848,0.000000,1.000000,1,0.724264,0.187825,1.000000,1.000000,-0.724237,-0.176032,1.000000,1.000000
278,77,76,393,389,16.434751,120.082394,0.068893,-0.000000,2,1.181350,-0.999860,1.000000,1.000000,-1.178860,0.945665,1.000000,1.000000
279,18,77,42,393,74.226375,516.842154,0.015107,0.000000,2,2.960880,0.926118,1.000000,1.000000,-2.958390,-0.924774,1.000000,1.000000
280,76,77,389,393,16.434751,120.082394,0.068893,0.000000,2,-1.178860,0.945665,1.000000,1.000000,1.181350,-0.999860,1.000000,1.000000
281,107,77,522,393,4.616999,36.172700,0.007476,0.000000,1,0.001502,-0.030811,1.000000,1.000000,-0.001499,0.022919,1.000000,1.000000
282,203,77,969,393,28.338245,-566.764906,0.000000,1.000000,1,-1.783640,-1.840960,1.000000,1.000000,1.784190,1.830020,1.000000,1.000000
283,23,78,81,401,2.362019,19.540411,0.090312,-0.000000,1,-0.141464,0.040676,1.000000,1.000000,0.141629,-0.131367,1.000000,1.000000
284,79,78,402,401,10.350526,60.017914,0.066218,0.000000,2,0.023947,-0.258105,1.000000,1.000000,-0.023808,0.190950,1.000000,1.000000
285,81,78,404,401,3.465757,20.325611,0.050529,0.000000,1,-0.204697,-0.036058,1.000000,1.000000,0.205032,-0.013767,1.000000,1.000000
286,213,78,1526,401,0.116264,6.349336,0.000000,1.028261,1,0.322151,0.253487,1.000000,1.000000,-0.321650,-0.226136,1.000000,1.000000
287,78,79,401,402,10.350526,60.017914,0.066218,-0.000000,2,-0.023808,0.190950,1.000000,1.000000,0.023947,-0.258105,1.000000,1.000000
288,124,79,621,402,32.718712,253.191492,0.028072,0.000000,2,0.009530,-0.378694,1.000000,1.000000,-0.009465,0.350245,1.000000,1.000000
289,63,80,339,403,3.558830,20.490521,0.051318,-0.000000,1,0.744879,-0.080323,1.000000,1.000000,-0.740361,0.054352,1.000000,1.000000
290,78,81,401,404,3.465757,20.325611,0.050529,-0.000000,1,0.205032,-0.013767,1.000000,1.000000,-0.204697,-0.036058,1.000000,1.000000
291,2,82,4,408,16.531155,208.331857,1.155164,0.000000,2,-11.326400,-6.014360,1.000000,1.000000,11.379100,5.342320,1.000000,1.000000
292,2,83,4,410,16.531155,208.331857,1.155164,0.000000,2,-11.441700,-6.000520,1.000000,1.000000,11.495400,5.338980,1.000000,1.000000
293,43,84,233,417,20.363719,109.382264,0.017840,0.000000,1,0.754033,-0.254452,1.000000,1.000000,-0.753029,0.241439,1.000000,1.000000
294,248,84,2012,417,0.160531,8.977902,0.000000,1.052174,1,-0.379656,0.143849,1.000000,1.000000,0.380009,-0.124133,1.000000,1.000000
295,249,84,2013,417,0.093076,4.345833,0.000000,1.052174,1,-0.374372,0.110604,1.000000,1.000000,0.375179,-0.072955,1.000000,1.000000
296,32,85,187,418,25.618586,198.977117,0.036095,-0.000000,2,0.610923,-0.885661,1.000000,1.000000,-0.610292,0.849528,1.000000,1.000000
297,29,86,150,419,4.085326,69.670958,3.191523,0.000000,2,7.161020,-1.404370,1.000000,1.000000,-7.121520,-1.385590,1.000000,1.000000
298,68,86,376,419,39.971553,347.878245,0.684711,0.000000,2,11.650000,-1.881900,1.000000,1.000000,-11.608800,1.492800,1.000000,1.000000
299,135,86,657,419,0.562384,44.653718,0.000000,1.152381,1,-5.869990,1.055980,1.000000,1.000000,5.882200,-0.086705,1.000000,1.000000
300,136,86,658,419,0.562819,44.591951,0.000000,1.047619,1,-5.772150,0.973442,1.000000,1.000000,5.781900,-0.200742,1.000000,1.000000
301,137,86,659,419,0.562819,44.591951,0.000000,1.047619,1,-1.390850,0.258859,1.000000,1.000000,1.391420,-0.213725,1.000000,1.000000
302,138,86,660,419,0.562819,44.591951,0.000000,1.047619,1,-5.778860,0.998016,1.000000,1.000000,5.788650,-0.222475,1.000000,1.000000
303,10,87,16,423,36.140569,485.471630,0.508978,-0.000000,2,-2.135580,-1.316280,1.000000,1.000000,2.136360,0.768501,1.000000,1.000000
304,46,87,241,423,20.604811,286.203554,0.791118,-0.000000,2,1.578720,-1.060950,1.000000,1.000000,-1.578060,0.202804,1.000000,1.000000
305,89,87,426,423,23.233356,265.129431,0.216625,-0.000000,1,-3.402600,2.125640,1.000000,1.000000,3.407580,-2.304370,1.000000,1.000000
306,252,87,2033,423,0.178646,55.026108,0.000000,1.000000,1,1.960940,0.150015,1.000000,1.000000,-1.960730,-0.085795,1.000000,1.000000
307,254,87,2035,423,0.183892,54.905221,0.000000,1.000000,1,1.998410,0.101544,1.000000,1.000000,-1.998190,-0.034917,1.000000,1.000000
308,252,88,2033,424,47.314969,-610.963930,0.000000,1.000000,1,-1.960090,-0.596972,1.000000,1.000000,1.960580,0.590714,1.000000,1.000000
309,254,88,2035,424,31.375471,-498.023345,0.000000,1.000000,1,-1.997710,-0.042222,1.000000,1.000000,1.998170,0.034905,1.000000,1.000000
310,87,89,423,426,23.233356,265.129431,0.216625,0.000000,1,3.407580,-2.304370,1.000000,1.000000,-3.402600,2.125640,1.000000,1.000000
311,255,89,2054,426,0.552906,48.195720,0.000000,1.025000,1,-3.407590,2.304390,1.000000,1.000000,3.411500,-1.962920,1.000000,1.000000
312,25,90,90,431,99.009901,990.099010,0.001000,0.000000,1,3.217900,-0.648252,1.000000,1.000000,-3.216890,0.657253,1.000000,1.000000
313,73,90,386,431,3.513027,50.424077,1.145266,-0.000000,1,-3.217930,0.648257,1.000000,1.000000,3.233280,-1.632240,1.000000,1.000000
314,256,91,2056,432,5.778343,-268.692939,0.000000,1.000000,1,-0.754948,-0.312828,1.000000,1.000000,0.755001,0.310397,1.000000,1.000000
315,258,91,2058,432,5.350539,-256.957996,0.000000,1.000000,1,-0.754526,-0.312657,1.000000,1.000000,0.754579,0.310117,1.000000,1.000000
316,42,92,232,442,8.146338,39.832071,0.090331,-0.000000,2,0.173733,-0.027677,1.000000,1.000000,-0.173585,-0.063002,1.000000,1.000000
317,109,92,532,442,4.097968,34.045473,0.050363,0.000000,1,0.092818,-0.180902,1.000000,1.000000,-0.092705,0.130601,1.000000,1.000000
318,68,93,376,446,26.716855,350.406574,1.473839,0.000000,3,8.271010,-9.438630,1.000000,1.000000,-8.241330,8.250940,1.000000,1.000000
319,147,93,669,446,0.556954,44.596077,0.000000,1.047619,1,-5.213350,0.301560,1.000000,1.000000,5.221360,0.339614,1.000000,1.000000
320,148,93,670,446,0.554965,44.596127,0.000000,1.047619,1,-5.227120,0.277004,1.000000,1.000000,5.235140,0.367216,1.000000,1.000000
321,149,93,671,446,0.650251,48.272430,0.000000,1.152381,1,-4.937530,0.183258,1.000000,1.000000,4.946170,0.458365,1.000000,1.000000
322,54,94,280,447,7.669264,57.707567,0.037040,-0.000000,1,1.047320,-0.423168,1.000000,1.000000,-1.044550,0.405556,1.000000,1.000000
323,95,94,450,447,41.669883,240.932033,0.004028,-0.000000,1,-0.087371,0.109567,1.000000,1.000000,0.087385,-0.113644,1.000000,1.000000
324,109,94,532,447,3.870914,31.596585,0.052456,0.000000,1,-0.400272,0.194377,1.000000,1.000000,0.401046,-0.241918,1.000000,1.000000
325,260,94,2099,447,0.153606,12.042606,0.000000,1.025000,1,-0.278380,0.058724,1.000000,1.000000,0.278468,-0.051883,1.000000,1.000000
326,263,94,2102,447,0.157629,12.147737,0.000000,1.025000,1,-0.281316,0.060500,1.000000,1.000000,0.281406,-0.053563,1.000000,1.000000
327,94,95,447,450,41.669883,240.932033,0.004028,0.000000,1,0.087385,-0.113644,1.000000,1.000000,-0.087371,0.109567,1.000000,1.000000
328,266,95,2110,450,0.143963,7.044274,0.000000,1.112298,1,-0.012256,0.033927,1.000000,1.000000,0.012260,-0.033705,1.000000,1.000000
329,267,95,2154,450,0.288337,5.050112,0.000000,1.052174,1,-0.035576,0.029232,1.000000,1.000000,0.035602,-0.028783,1.000000,1.000000
330,288,95,2491,450,0.131573,4.204655,0.000000,1.014972,1,-0.039543,0.050485,1.000000,1.000000,0.039574,-0.049509,1.000000,1.000000
331,97,96,458,457,10.592873,85.833504,0.081768,0.000000,2,0.545472,0.055746,1.000000,1.000000,-0.545047,-0.135948,1.000000,1.000000
332,96,97,457,458,10.592873,85.833504,0.081768,-0.000000,2,-0.545047,-0.135948,1.000000,1.000000,0.545472,0.055746,1.000000,1.000000
333,268,97,2191,458,23.012071,-646.429991,0.000000,1.052174,1,0.545147,0.135948,1.000000,1.000000,-0.545128,-0.136476,1.000000,1.000000
334,67,98,364,459,35.007688,670.102158,0.296897,0.000000,2,2.644150,-1.081310,1.000000,1.000000,-2.643570,0.781770,1.000000,1.000000
335,99,98,462,459,7.713221,141.332548,1.545067,-0.000000,2,-2.099730,0.193664,1.000000,1.000000,2.101720,-1.762820,1.000000,1.000000
336,268,98,2191,459,0.271909,58.666971,0.000000,1.047619,1,-0.544521,0.887644,1.000000,1.000000,0.544611,-0.868238,1.000000,1.000000
337,98,99,459,462,7.713221,141.332548,1.545067,0.000000,2,2.101720,-1.762820,1.000000,1.000000,-2.099730,0.193664,1.000000,1.000000
338,270,99,2195,462,0.224222,51.360089,0.000000,1.047619,1,-1.069950,0.909011,1.000000,1.000000,1.070130,-0.868242,1.000000,1.000000
339,279,99,2357,462,0.190579,52.177754,0.000000,1.047619,1,-1.032770,0.853809,1.000000,1.000000,1.032910,-0.817251,1.000000,1.000000
340,70,100,378,464,18.936000,115.001561,0.009576,0.000000,1,0.449228,-0.063281,1.000000,1.000000,-0.448943,0.055411,1.000000,1.000000
341,272,100,2199,464,0.220622,9.297090,0.000000,1.052174,1,-0.449234,0.063280,1.000000,1.000000,0.449813,-0.038857,1.000000,1.000000
342,23,101,81,472,7.782393,81.045597,0.011804,0.000000,1,0.063922,0.185031,1.000000,1.000000,-0.063876,-0.196563,1.000000,1.000000
343,110,101,538,472,8.660964,44.391018,0.010121,-0.000000,1,-0.070681,0.120916,1.000000,1.000000,0.070767,-0.130776,1.000000,1.000000
344,273,101,2226,472,0.140244,6.995089,0.000000,1.011180,1,0.007974,-0.201942,1.000000,1.000000,-0.007857,0.207790,1.000000,1.000000
345,283,101,2392,472,0.093374,3.644581,0.000000,1.011180,1,-0.001216,-0.104004,1.000000,1.000000,0.001292,0.106976,1.000000,1.000000
346,270,102,2195,477,4.430876,-263.083269,0.000000,1.052174,1,1.070840,0.150946,1.000000,1.000000,-1.070760,-0.155851,1.000000,1.000000
347,279,102,2357,477,6.725627,-346.489901,0.000000,1.052174,1,1.034220,0.636222,1.000000,1.000000,-1.034130,-0.640917,1.000000,1.000000
348,70,103,378,481,1.634501,13.468254,0.122329,-0.000000,1,1.746270,-0.181193,1.000000,1.000000,-1.719040,0.283056,1.000000,1.000000
349,104,103,496,481,5.041948,21.662765,0.039782,-0.000000,1,-0.495876,0.027938,1.000000,1.000000,0.498407,-0.056951,1.000000,1.000000
350,105,103,503,481,2.928282,15.769451,0.057257,-0.000000,1,-0.608520,-0.059434,1.000000,1.000000,0.612748,0.024435,1.000000,1.000000
351,111,103,545,481,9.759841,56.351305,0.016004,-0.000000,1,-0.435529,0.028017,1.000000,1.000000,0.436099,-0.040731,1.000000,1.000000
352,117,103,589,481,10.879315,86.820149,0.019601,-0.000000,1,-0.146958,0.097336,1.000000,1.000000,0.147005,-0.116531,1.000000,1.000000
353,119,103,593,481,14.954369,123.454732,0.014991,-0.000000,1,-0.217293,0.003549,1.000000,1.000000,0.217339,-0.018155,1.000000,1.000000
354,123,103,613,481,4.531243,36.256618,0.050206,-0.000000,1,0.002730,-0.001843,1.000000,1.000000,-0.002728,-0.048286,1.000000,1.000000
355,276,103,2251,481,0.146255,10.293720,0.000000,1.037500,1,0.155163,0.085630,1.000000,1.000000,-0.155117,-0.082345,1.000000,1.000000
356,103,104,481,496,5.041948,21.662765,0.039782,0.000000,1,0.498407,-0.056951,1.000000,1.000000,-0.495876,0.027938,1.000000,1.000000
357,103,105,481,503,2.928282,15.769451,0.057257,0.000000,1,0.612748,0.024435,1.000000,1.000000,-0.608520,-0.059434,1.000000,1.000000
358,30,106,159,508,28.007417,314.462710,0.031552,0.000000,2,4.406940,-1.411850,1.000000,1.000000,-4.401100,1.444810,1.000000,1.000000
359,77,107,393,522,4.616999,36.172700,0.007476,-0.000000,1,-0.001499,0.022919,1.000000,1.000000,0.001502,-0.030811,1.000000,1.000000
360,30,108,159,523,6.394436,47.255611,0.007476,-0.000000,1,-0.005068,0.094086,1.000000,1.000000,0.005094,-0.101650,1.000000,1.000000
361,92,109,442,532,4.097968,34.045473,0.050363,-0.000000,1,-0.092705,0.130601,1.000000,1.000000,0.092818,-0.180902,1.000000,1.000000
362,94,109,447,532,3.870914,31.596585,0.052456,-0.000000,1,0.401046,-0.241918,1.000000,1.000000,-0.400272,0.194377,1.000000,1.000000
363,281,109,2372,532,0.064512,11.920307,0.000000,1.050000,1,-0.154078,0.055894,1.000000,1.000000,0.154091,-0.053462,1.000000,1.000000
364,282,109,2375,532,0.064503,11.919454,0.000000,1.050000,1,-0.154268,0.055424,1.000000,1.000000,0.154281,-0.052991,1.000000,1.000000
365,101,110,472,538,8.660964,44.391018,0.010121,0.000000,1,0.070767,-0.130776,1.000000,1.000000,-0.070681,0.120916,1.000000,1.000000
366,103,111,481,545,9.759841,56.351305,0.016004,0.000000,1,0.436099,-0.040731,1.000000,1.000000,-0.435529,0.028017,1.000000,1.000000
367,67,112,364,549,11.712696,203.825917,0.282011,0.000000,1,1.776710,-0.088345,1.000000,1.000000,-1.775870,-0.192606,1.000000,1.000000
368,284,112,2420,549,0.310185,17.788185,0.000000,1.047619,1,-0.956579,0.059968,1.000000,1.000000,0.957521,-0.005965,1.000000,1.000000
369,285,112,2421,549,0.118069,17.354583,0.000000,1.047619,1,-0.820157,0.028376,1.000000,1.000000,0.820433,0.012214,1.000000,1.000000
370,48,113,244,558,26.609831,318.806242,0.164308,0.000000,1,1.914680,0.511371,1.000000,1.000000,-1.913690,-0.672192,1.000000,1.000000
371,31,114,185,580,33.547001,502.918139,0.471071,0.000000,2,-1.704260,0.292417,1.000000,1.000000,1.704650,-0.793838,1.000000,1.000000
372,54,115,280,582,19.250274,101.056001,0.015572,0.000000,1,0.045898,-1.379600,1.000000,1.000000,-0.042523,1.381300,1.000000,1.000000
373,289,115,2503,582,0.175865,7.759990,0.000000,1.028876,1,-0.046906,0.125383,1.000000,1.000000,0.046961,-0.122976,1.000000,1.000000
374,299,115,2615,582,27.203550,180.888552,0.000000,1.059137,1,0.008232,1.117800,1.000000,1.000000,-0.007109,-1.110340,1.000000,1.000000
375,300,115,2616,582,0.167594,7.814770,0.000000,1.028876,1,-0.006987,0.136417,1.000000,1.000000,0.007041,-0.133929,1.000000,1.000000
376,70,116,378,585,5.031978,41.664848,0.041817,0.000000,1,0.989954,-0.004372,1.000000,1.000000,-0.987176,-0.014685,1.000000,1.000000
377,290,116,2513,585,0.202925,10.065794,0.000000,1.052174,1,-0.961686,-0.006418,1.000000,1.000000,0.963719,0.107239,1.000000,1.000000
378,291,116,2514,585,0.124218,10.294299,0.000000,1.052174,1,-0.028279,0.010790,1.000000,1.000000,0.028281,-0.010692,1.000000,1.000000
379,103,117,481,589,10.879315,86.820149,0.019601,0.000000,1,0.147005,-0.116531,1.000000,1.000000,-0.146958,0.097336,1.000000,1.000000
380,27,118,125,590,48.584795,351.319101,0.021535,-0.000000,2,0.853405,0.372921,1.000000,1.000000,-0.853095,-0.394121,1.000000,1.000000
381,57,118,289,590,65.434357,506.885322,0.014816,-0.000000,2,-1.067430,-0.384833,1.000000,1.000000,1.067720,0.370949,1.000000,1.000000
382,103,119,481,593,14.954369,123.454732,0.014991,0.000000,1,0.217339,-0.018155,1.000000,1.000000,-0.217293,0.003549,1.000000,1.000000
383,54,120,280,599,3.362044,27.389807,0.063286,0.000000,1,0.083082,-0.163555,1.000000,1.000000,-0.082979,0.098757,1.000000,1.000000
384,125,120,627,599,17.604619,115.349059,0.015635,-0.000000,1,0.004939,0.059530,1.000000,1.000000,-0.004933,-0.075631,1.000000,1.000000
385,292,120,2548,599,0.226590,13.011464,0.000000,1.011180,1,-0.088016,0.104025,1.000000,1.000000,0.088041,-0.102613,1.000000,1.000000
386,32,121,187,605,8.862869,90.868212,0.082555,-0.000000,2,-2.409640,-0.724376,1.000000,1.000000,2.415590,0.692055,1.000000,1.000000
387,70,122,378,606,6.593522,39.556310,0.021336,-0.000000,1,0.037299,-0.019838,1.000000,1.000000,-0.037293,-0.001516,1.000000,1.000000
388,293,122,2565,606,0.121649,7.950615,0.000000,0.999565,1,-0.037299,0.019838,1.000000,1.000000,0.037302,-0.019614,1.000000,1.000000
389,103,123,481,613,4.531243,36.256618,0.050206,0.000000,1,-0.002728,-0.048286,1.000000,1.000000,0.002730,-0.001843,1.000000,1.000000
390,50,124,260,621,5.885959,33.612257,0.129471,-0.000000,2,-0.009669,-0.246347,1.000000,1.000000,0.009827,0.112868,1.000000,1.000000
391,79,124,402,621,32.718712,253.191492,0.028072,-0.000000,2,-0.009465,0.350245,1.000000,1.000000,0.009530,-0.378694,1.000000,1.000000
392,294,124,2595,621,0.141981,11.588969,0.000000,1.037500,1,0.009632,0.031081,1.000000,1.000000,-0.009631,-0.030986,1.000000,1.000000
393,295,124,2598,621,0.124715,11.604569,0.000000,1.037500,1,0.009456,0.030738,1.000000,1.000000,-0.009455,-0.030645,1.000000,1.000000
394,120,125,599,627,17.604619,115.349059,0.015635,0.000000,1,-0.004933,-0.075631,1.000000,1.000000,0.004939,0.059530,1.000000,1.000000
395,296,125,2612,627,0.165670,7.195610,0.000000,1.011180,1,0.004937,0.075631,1.000000,1.000000,-0.004919,-0.074840,1.000000,1.000000
396,29,126,150,628,12.180396,169.657581,0.287751,0.000000,1,0.795946,-4.533830,1.000000,1.000000,-0.787807,4.344030,1.000000,1.000000
397,297,126,2613,628,0.165088,8.944058,0.000000,1.000000,1,-0.506523,-0.067604,1.000000,1.000000,0.507047,0.096000,1.000000,1.000000
398,298,126,2614,628,99.009901,990.099010,0.000000,1.000000,1,-0.289768,4.601430,1.000000,1.000000,0.291837,-4.580750,1.000000,1.000000
399,46,127,241,630,4.151731,83.889976,2.924614,-0.000000,2,-7.953930,-0.445596,1.000000,1.000000,7.988250,-2.087530,1.000000,1.000000
400,150,127,672,630,99.009901,990.099010,0.000000,1.000000,1,2.416620,0.526253,1.000000,1.000000,-2.416070,-0.520734,1.000000,1.000000
401,151,127,675,630,99.009901,990.099010,0.000000,1.000000,1,2.383620,0.506950,1.000000,1.000000,-2.383080,-0.501592,1.000000,1.000000
402,129,128,647,646,4.444776,32.101741,0.027615,0.000000,1,0.783356,-0.014835,1.000000,1.000000,-0.780770,0.005849,1.000000,1.000000
403,128,129,646,647,4.444776,32.101741,0.027615,-0.000000,1,-0.780770,0.005849,1.000000,1.000000,0.783356,-0.014835,1.000000,1.000000
404,285,129,2421,647,21.377472,-209.730332,0.000000,1.021739,1,0.780783,-0.005849,1.000000,1.000000,-0.780476,0.002842,1.000000,1.000000
405,3,130,6,648,0.572787,44.985058,0.000000,-1.047619,1,4.485300,-0.964469,1.000000,1.000000,-4.478890,1.468640,1.000000,1.000000
406,3,131,6,649,0.572787,44.985058,0.000000,-1.047619,1,0.184555,-0.940602,1.000000,1.000000,-0.184278,0.962390,1.000000,1.000000
407,3,132,6,650,0.572787,44.985058,0.000000,-1.047619,1,4.414470,-0.907197,1.000000,1.000000,-4.408290,1.392160,1.000000,1.000000
408,68,133,376,651,0.560831,44.592001,0.000000,-1.077279,1,-0.000000,-1.566630,1.000000,1.000000,0.000795,1.629860,1.000000,1.000000
409,68,134,376,652,0.560831,44.592001,0.000000,-1.077279,1,-0.000000,-1.566630,1.000000,1.000000,0.000795,1.629860,1.000000,1.000000
410,86,135,419,657,0.562384,44.653718,0.000000,-1.152381,1,5.882200,-0.086705,1.000000,1.000000,-5.869990,1.055980,1.000000,1.000000
411,86,136,419,658,0.562819,44.591951,0.000000,-1.047619,1,5.781900,-0.200742,1.000000,1.000000,-5.772150,0.973442,1.000000,1.000000
412,86,137,419,659,0.562819,44.591951,0.000000,-1.047619,1,1.391420,-0.213725,1.000000,1.000000,-1.390850,0.258859,1.000000,1.000000
413,86,138,419,660,0.562819,44.591951,0.000000,-1.047619,1,5.788650,-0.222475,1.000000,1.000000,-5.778860,0.998016,1.000000,1.000000
414,8,139,11,661,0.554965,44.596127,0.000000,-1.047619,1,6.198600,-1.235380,1.000000,1.000000,-6.186520,2.206060,1.000000,1.000000
415,8,140,11,662,0.554965,44.596127,0.000000,-1.047619,1,6.005160,-1.249210,1.000000,1.000000,-5.993790,2.162820,1.000000,1.000000
416,8,141,11,663,0.554965,44.596127,0.000000,-1.047619,1,6.056550,-1.188160,1.000000,1.000000,-6.045070,2.110640,1.000000,1.000000
417,8,142,11,664,0.554965,44.596127,0.000000,-1.047619,1,6.104680,-1.157860,1.000000,1.000000,-6.093060,2.091660,1.000000,1.000000
418,8,143,11,665,0.554965,44.596127,0.000000,-1.047619,1,6.325090,-1.262080,1.000000,1.000000,-6.312480,2.275160,1.000000,1.000000
419,8,144,11,666,0.554965,44.596127,0.000000,-1.047619,1,6.198590,-1.242610,1.000000,1.000000,-6.186500,2.214080,1.000000,1.000000
420,8,145,11,667,0.554965,44.596127,0.000000,-1.047619,1,6.288310,-1.041110,1.000000,1.000000,-6.276140,2.019150,1.000000,1.000000
421,8,146,11,668,0.554965,44.596127,0.000000,-1.047619,1,6.107160,-1.127580,1.000000,1.000000,-6.095570,2.059020,1.000000,1.000000
422,93,147,446,669,0.556954,44.596077,0.000000,-1.047619,1,5.221360,0.339614,1.000000,1.000000,-5.213350,0.301560,1.000000,1.000000
423,93,148,446,670,0.554965,44.596127,0.000000,-1.047619,1,5.235140,0.367216,1.000000,1.000000,-5.227120,0.277004,1.000000,1.000000
424,93,149,446,671,0.650251,48.272430,0.000000,-1.152381,1,4.946170,0.458365,1.000000,1.000000,-4.937530,0.183258,1.000000,1.000000
425,127,150,630,672,99.009901,990.099010,0.000000,-1.000000,1,-2.416070,-0.520734,1.000000,1.000000,2.416620,0.526253,1.000000,1.000000
426,127,151,630,675,99.009901,990.099010,0.000000,-1.000000,1,-2.383080,-0.501592,1.000000,1.000000,2.383620,0.506950,1.000000,1.000000
427,16,152,37,684,0.543658,42.495595,0.000000,-1.047619,1,0.682537,-0.843555,1.000000,1.000000,-0.682141,0.874515,1.000000,1.000000
428,16,153,37,685,0.543658,42.495595,0.000000,-1.047619,1,4.925710,-0.398661,1.000000,1.000000,-4.917580,1.034220,1.000000,1.000000
429,16,154,37,686,0.543658,42.495595,0.000000,-1.047619,1,5.522030,-0.464544,1.000000,1.000000,-5.511730,1.269720,1.000000,1.000000
430,16,155,37,687,0.543658,42.495595,0.000000,-1.047619,1,5.519620,-0.280431,1.000000,1.000000,-5.509480,1.073410,1.000000,1.000000
431,34,156,204,772,0.103041,4.415571,0.000000,-1.052174,1,0.441855,0.022745,1.000000,1.000000,-0.440733,0.025327,1.000000,1.000000
432,34,157,204,773,0.105760,4.481507,0.000000,-1.052174,1,0.444655,0.022365,1.000000,1.000000,-0.443523,0.025603,1.000000,1.000000
433,38,158,225,780,0.525199,42.262473,0.000000,-1.047619,1,4.205310,-0.361873,1.000000,1.000000,-4.199660,0.816451,1.000000,1.000000
434,38,159,225,781,0.516840,41.996328,0.000000,-1.047619,1,1.305810,-0.410954,1.000000,1.000000,-1.305230,0.458792,1.000000,1.000000
435,38,160,225,782,0.518992,42.155682,0.000000,-1.047619,1,4.954100,-0.250638,1.000000,1.000000,-4.946360,0.879049,1.000000,1.000000
436,38,161,225,783,0.513313,41.996414,0.000000,-1.047619,1,4.449070,-0.289475,1.000000,1.000000,-4.442840,0.798747,1.000000,1.000000
437,48,162,244,789,0.321304,23.972484,0.000000,-1.022676,1,0.997861,-0.060859,1.000000,1.000000,-0.997301,0.102662,1.000000,1.000000
438,48,163,244,790,0.318373,23.927224,0.000000,-1.022676,1,0.989931,-0.099992,1.000000,1.000000,-0.989377,0.141614,1.000000,1.000000
439,14,164,31,826,27.848860,-589.351501,0.000000,-1.000000,1,3.471940,0.317667,1.000000,1.000000,-3.471030,-0.337022,1.000000,1.000000
440,37,164,224,826,0.229030,56.012059,0.000000,-1.000000,1,-3.472030,-0.317694,1.000000,1.000000,3.472860,0.521812,1.000000,1.000000
441,165,164,827,826,0.272423,23.821724,0.000000,-0.972973,1,0.000000,0.000000,1.000000,1.000000,-0.000000,-0.000000,1.000000,1.000000
442,164,165,826,827,0.272423,23.821724,0.000000,0.972973,1,-0.000000,-0.000000,1.000000,1.000000,0.000000,0.000000,1.000000,1.000000
443,14,166,31,828,22.276556,-580.540551,0.000000,-1.000000,1,3.483830,-0.857195,1.000000,1.000000,-3.483040,0.836448,1.000000,1.000000
444,37,166,224,828,0.231097,56.264172,0.000000,-1.000000,1,-3.494840,-0.209030,1.000000,1.000000,3.495680,0.413181,1.000000,1.000000
445,167,166,829,828,0.261615,23.950959,0.000000,-0.972973,1,0.010946,1.066200,1.000000,1.000000,-0.010460,-1.021720,1.000000,1.000000
446,166,167,828,829,0.261615,23.950959,0.000000,0.972973,1,-0.010460,-1.021720,1.000000,1.000000,0.010946,1.066200,1.000000,1.000000
447,23,168,81,841,24.405228,-548.364383,0.000000,-1.050000,1,-1.213450,0.003005,1.000000,1.000000,1.213580,-0.005914,1.000000,1.000000
448,25,168,90,841,0.242205,55.369926,0.000000,-1.047619,1,1.212290,-1.472740,1.000000,1.000000,-1.211980,1.544080,1.000000,1.000000
449,169,168,842,841,0.295583,25.076144,0.000000,-0.972973,1,0.001102,1.469730,1.000000,1.000000,-0.000000,-1.376230,1.000000,1.000000
450,168,169,841,842,0.295583,25.076144,0.000000,0.972973,1,-0.000000,-1.376230,1.000000,1.000000,0.001102,1.469730,1.000000,1.000000
451,32,170,187,851,14.654159,-454.072525,0.000000,-1.000000,1,1.133670,1.199380,1.000000,1.000000,-1.133500,-1.204660,1.000000,1.000000
452,45,170,240,851,0.261590,68.964525,0.000000,-1.000000,1,-1.133870,-0.873742,1.000000,1.000000,1.133970,0.899909,1.000000,1.000000
453,171,170,852,851,0.418846,29.233765,0.000000,-0.972973,1,0.000046,-0.325638,1.000000,1.000000,-0.000001,0.328832,1.000000,1.000000
454,170,171,851,852,0.418846,29.233765,0.000000,0.972973,1,-0.000001,0.328832,1.000000,1.000000,0.000046,-0.325638,1.000000,1.000000
455,32,172,187,853,5.645136,-506.522699,0.000000,-1.000000,1,1.145370,1.511130,1.000000,1.000000,-1.145300,-1.517380,1.000000,1.000000
456,45,172,240,853,0.510488,70.742690,0.000000,-1.000000,1,-1.145700,-0.920711,1.000000,1.000000,1.145900,0.947624,1.000000,1.000000
457,173,172,854,853,0.448683,29.092454,0.000000,-0.972973,1,0.000163,-0.590419,1.000000,1.000000,-0.000000,0.600977,1.000000,1.000000
458,172,173,853,854,0.448683,29.092454,0.000000,0.972973,1,-0.000000,0.600977,1.000000,1.000000,0.000163,-0.590419,1.000000,1.000000
459,29,174,150,877,0.262544,55.575929,0.000000,-1.000000,1,1.516140,-1.215670,1.000000,1.000000,-1.515830,1.281350,1.000000,1.000000
460,30,174,159,877,21.769328,-494.090361,0.000000,-1.000000,1,-1.516670,0.145075,1.000000,1.000000,1.516870,-0.149607,1.000000,1.000000
461,175,174,878,877,0.329395,25.142163,0.000000,-0.972973,1,0.000577,1.070600,1.000000,1.000000,-0.000000,-1.026540,1.000000,1.000000
462,174,175,877,878,0.329395,25.142163,0.000000,0.972973,1,-0.000000,-1.026540,1.000000,1.000000,0.000577,1.070600,1.000000,1.000000
463,1,176,3,880,0.263444,54.405688,0.000000,-1.000000,1,-1.896810,-1.581300,1.000000,1.000000,1.897310,1.684690,1.000000,1.000000
464,28,176,136,880,18.590037,-511.356942,0.000000,-1.000000,1,1.895560,0.039450,1.000000,1.000000,-1.895330,-0.045925,1.000000,1.000000
465,177,176,881,880,0.274585,23.270435,0.000000,-0.972973,1,0.001112,1.541850,1.000000,1.000000,-0.000000,-1.447630,1.000000,1.000000
466,176,177,880,881,0.274585,23.270435,0.000000,0.972973,1,-0.000000,-1.447630,1.000000,1.000000,0.001112,1.541850,1.000000,1.000000
467,1,178,3,882,0.261292,54.802284,0.000000,-1.000000,1,-1.904300,-1.594240,1.000000,1.000000,1.904790,1.698050,1.000000,1.000000
468,28,178,136,882,19.911324,-529.192526,0.000000,-1.000000,1,1.903070,0.051745,1.000000,1.000000,-1.902840,-0.058053,1.000000,1.000000
469,179,178,883,882,0.272675,23.445137,0.000000,-0.972973,1,0.001089,1.542490,1.000000,1.000000,-0.000000,-1.448900,1.000000,1.000000
470,178,179,882,883,0.272675,23.445137,0.000000,0.972973,1,-0.000000,-1.448900,1.000000,1.000000,0.001089,1.542490,1.000000,1.000000
471,13,180,25,887,0.300022,55.329530,0.000000,-1.000000,1,-2.375570,-0.786755,1.000000,1.000000,2.376170,0.898109,1.000000,1.000000
472,13,181,25,889,0.413821,55.778712,0.000000,-1.000000,1,-2.421190,-0.860939,1.000000,1.000000,2.422060,0.977720,1.000000,1.000000
473,10,182,16,907,0.264970,54.563017,0.000000,-1.000000,1,-1.495610,-0.139428,1.000000,1.000000,1.495790,0.177248,1.000000,1.000000
474,57,182,289,907,18.556123,-565.321870,0.000000,-1.000000,1,1.480090,-0.307347,1.000000,1.000000,-1.479970,0.303654,1.000000,1.000000
475,183,182,908,907,0.282140,23.518832,0.000000,-0.972973,1,0.015511,0.446770,1.000000,1.000000,-0.015418,-0.438999,1.000000,1.000000
476,182,183,907,908,0.282140,23.518832,0.000000,0.972973,1,-0.015418,-0.438999,1.000000,1.000000,0.015511,0.446770,1.000000,1.000000
477,10,184,16,909,0.307378,56.881160,0.000000,-1.000000,1,-1.548660,-0.263243,1.000000,1.000000,1.548880,0.303073,1.000000,1.000000
478,57,184,289,909,22.776959,-637.348111,0.000000,-1.000000,1,1.527150,0.986729,1.000000,1.000000,-1.526980,-0.991485,1.000000,1.000000
479,185,184,910,909,0.241860,23.285797,0.000000,-0.972973,1,0.021511,-0.723491,1.000000,1.000000,-0.021297,0.744145,1.000000,1.000000
480,184,185,909,910,0.241860,23.285797,0.000000,0.972973,1,-0.021297,0.744145,1.000000,1.000000,0.021511,-0.723491,1.000000,1.000000
481,31,186,185,911,0.182490,48.369245,0.000000,-1.000000,1,-5.679440,0.148385,1.000000,1.000000,5.681800,0.476209,1.000000,1.000000
482,31,187,185,913,0.165058,48.215443,0.000000,-1.000000,1,-5.676420,0.153012,1.000000,1.000000,5.678560,0.472805,1.000000,1.000000
483,17,188,38,923,0.345416,56.816082,0.000000,-1.047619,1,-1.436510,-0.499120,1.000000,1.000000,1.436790,0.543587,1.000000,1.000000
484,17,189,38,925,0.266742,57.034057,0.000000,-1.047619,1,-1.415190,-0.641019,1.000000,1.000000,1.415410,0.687498,1.000000,1.000000
485,46,190,241,930,0.230418,53.667234,0.000000,-1.000000,1,-1.660420,1.012660,1.000000,1.000000,1.660680,-0.950532,1.000000,1.000000
486,49,190,246,930,16.424919,-431.714054,0.000000,-1.000000,1,1.660290,-0.467507,1.000000,1.000000,-1.660060,0.461441,1.000000,1.000000
487,191,190,931,930,0.330455,24.850824,0.000000,-0.972973,1,0.000140,-0.545160,1.000000,1.000000,-0.000000,0.555701,1.000000,1.000000
488,190,191,930,931,0.330455,24.850824,0.000000,0.972973,1,-0.000000,0.555701,1.000000,1.000000,0.000140,-0.545160,1.000000,1.000000
489,46,192,241,932,0.232991,53.303886,0.000000,-1.000000,1,-1.648370,0.824644,1.000000,1.000000,1.648620,-0.768131,1.000000,1.000000
490,49,192,246,932,16.856810,-425.407889,0.000000,-1.002609,1,1.648240,-0.282760,1.000000,1.000000,-1.648010,0.276940,1.000000,1.000000
491,193,192,933,932,0.329070,24.962581,0.000000,-0.972973,1,0.000138,-0.541892,1.000000,1.000000,-0.000000,0.552321,1.000000,1.000000
492,192,193,932,933,0.329070,24.962581,0.000000,0.972973,1,-0.000000,0.552321,1.000000,1.000000,0.000138,-0.541892,1.000000,1.000000
493,4,194,7,948,0.419745,56.388913,0.000000,-1.047619,1,0.827422,-1.498870,1.000000,1.000000,-0.827009,1.554390,1.000000,1.000000
494,54,194,280,948,8.729516,-440.355582,0.000000,-1.052174,1,-0.827729,0.978674,1.000000,1.000000,0.827808,-0.982657,1.000000,1.000000
495,195,194,949,948,0.330536,25.505921,0.000000,-0.972973,1,0.000147,0.520197,1.000000,1.000000,-0.000000,-0.508867,1.000000,1.000000
496,194,195,948,949,0.330536,25.505921,0.000000,0.972973,1,-0.000000,-0.508867,1.000000,1.000000,0.000147,0.520197,1.000000,1.000000
497,4,196,7,950,0.410435,55.760097,0.000000,-1.047619,1,0.813447,-1.475540,1.000000,1.000000,-0.813047,1.529910,1.000000,1.000000
498,54,196,280,950,9.293632,-454.355358,0.000000,-1.052174,1,-0.813751,0.955078,1.000000,1.000000,0.813827,-0.958776,1.000000,1.000000
499,197,196,951,950,0.338553,25.813338,0.000000,-0.972973,1,0.000147,0.520467,1.000000,1.000000,-0.000000,-0.509263,1.000000,1.000000
500,196,197,950,951,0.338553,25.813338,0.000000,0.972973,1,-0.000000,-0.509263,1.000000,1.000000,0.000147,0.520467,1.000000,1.000000
501,52,198,266,955,0.158125,47.527991,0.000000,-1.000000,1,-2.149330,0.157484,1.000000,1.000000,2.149660,-0.059977,1.000000,1.000000
502,53,198,277,955,16.394504,-402.558127,0.000000,-1.000000,1,2.149250,-0.554368,1.000000,1.000000,-2.148750,0.542176,1.000000,1.000000
503,199,198,956,955,0.276713,23.958657,0.000000,-0.945946,1,0.000076,0.396869,1.000000,1.000000,-0.000000,-0.390310,1.000000,1.000000
504,198,199,955,956,0.276713,23.958657,0.000000,0.945946,1,-0.000000,-0.390310,1.000000,1.000000,0.000076,0.396869,1.000000,1.000000
505,52,200,266,957,0.135369,47.498783,0.000000,-1.000000,1,-2.168310,0.107533,1.000000,1.000000,2.168590,-0.008315,1.000000,1.000000
506,53,200,277,957,17.014497,-376.162179,0.000000,-1.000000,1,2.168300,-0.107548,1.000000,1.000000,-2.167740,0.095045,1.000000,1.000000
507,59,201,310,959,0.564263,49.854004,0.000000,-1.000000,1,3.376540,-3.997750,1.000000,1.000000,-3.370250,4.553750,1.000000,1.000000
508,29,202,150,965,0.305231,53.915348,0.000000,-1.000000,1,1.497080,-1.337410,1.000000,1.000000,-1.496670,1.410080,1.000000,1.000000
509,30,202,159,965,9.749756,-402.989925,0.000000,-1.000000,1,-1.497060,1.337410,1.000000,1.000000,1.497300,-1.347130,1.000000,1.000000
510,60,203,328,969,0.270006,55.391139,0.000000,-1.000000,1,-1.784340,-1.219000,1.000000,1.000000,1.784740,1.299190,1.000000,1.000000
511,77,203,393,969,28.338245,-566.764906,0.000000,-1.000000,1,1.784190,1.830020,1.000000,1.000000,-1.783640,-1.840960,1.000000,1.000000
512,204,203,970,969,0.270593,24.997071,0.000000,-0.972973,1,0.000154,-0.611032,1.000000,1.000000,-0.000000,0.625237,1.000000,1.000000
513,203,204,969,970,0.270593,24.997071,0.000000,0.972973,1,-0.000000,0.625237,1.000000,1.000000,0.000154,-0.611032,1.000000,1.000000
514,60,205,328,971,0.266908,55.388101,0.000000,-1.000000,1,-0.000164,0.651232,1.000000,1.000000,0.000197,-0.644398,1.000000,1.000000
515,206,205,972,971,0.270593,24.997071,0.000000,-0.972973,1,0.000164,-0.651232,1.000000,1.000000,-0.000000,0.666372,1.000000,1.000000
516,205,206,971,972,0.270593,24.997071,0.000000,0.972973,1,-0.000000,0.666372,1.000000,1.000000,0.000164,-0.651232,1.000000,1.000000
517,50,207,260,1484,0.195992,10.104151,0.000000,-1.056957,1,-0.009658,0.055600,1.000000,1.000000,0.009664,-0.055266,1.000000,1.000000
518,208,207,1485,1484,24.727919,-157.405646,0.000000,-1.052174,1,0.012101,-0.054740,1.000000,1.000000,-0.012098,0.054719,1.000000,1.000000
519,209,207,1486,1484,0.526856,18.898557,0.000000,-1.047619,1,-0.002441,-0.000860,1.000000,1.000000,0.002441,0.000860,1.000000,1.000000
520,207,208,1484,1485,24.727919,-157.405646,0.000000,1.052174,1,-0.012098,0.054719,1.000000,1.000000,0.012101,-0.054740,1.000000,1.000000
521,207,209,1484,1486,0.526856,18.898557,0.000000,1.047619,1,0.002441,0.000860,1.000000,1.000000,-0.002441,-0.000860,1.000000,1.000000
522,50,210,260,1487,0.187814,10.063136,0.000000,-1.056957,1,-0.008740,0.054886,1.000000,1.000000,0.008746,-0.054561,1.000000,1.000000
523,211,210,1488,1487,35.127150,-180.755632,0.000000,-1.052174,1,0.012084,-0.053717,1.000000,1.000000,-0.012080,0.053699,1.000000,1.000000
524,212,210,1489,1487,0.345989,19.223063,0.000000,-1.047619,1,-0.003340,-0.001169,1.000000,1.000000,0.003340,0.001170,1.000000,1.000000
525,210,211,1487,1488,35.127150,-180.755632,0.000000,1.052174,1,-0.012080,0.053699,1.000000,1.000000,0.012084,-0.053717,1.000000,1.000000
526,210,212,1487,1489,0.345989,19.223063,0.000000,1.047619,1,0.003340,0.001170,1.000000,1.000000,-0.003340,-0.001169,1.000000,1.000000
527,78,213,401,1526,0.116264,6.349336,0.000000,-1.028261,1,-0.321650,-0.226136,1.000000,1.000000,0.322151,0.253487,1.000000,1.000000
528,63,214,339,1529,0.111592,6.347285,0.000000,-1.028261,1,-0.041495,-0.092556,1.000000,1.000000,0.041526,0.094306,1.000000,1.000000
529,41,215,231,1604,0.139356,12.022529,0.000000,-1.040217,1,-0.147573,0.014311,1.000000,1.000000,0.147595,-0.012383,1.000000,1.000000
530,41,216,231,1607,0.142003,12.018275,0.000000,-1.040217,1,-0.157512,0.014247,1.000000,1.000000,0.157538,-0.012052,1.000000,1.000000
531,51,217,261,1639,0.142852,12.091088,0.000000,-1.100000,1,-0.076626,0.097407,1.000000,1.000000,0.076643,-0.095962,1.000000,1.000000
532,218,217,1640,1639,10.875110,-151.239902,0.000000,-1.052174,1,0.163413,-0.065762,1.000000,1.000000,-0.163396,0.065530,1.000000,1.000000
533,219,217,1641,1639,0.593693,20.877392,0.000000,-1.040541,1,-0.086790,-0.031645,1.000000,1.000000,0.086804,0.032110,1.000000,1.000000
534,217,218,1639,1640,10.875110,-151.239902,0.000000,1.052174,1,-0.163396,0.065530,1.000000,1.000000,0.163413,-0.065762,1.000000,1.000000
535,217,219,1639,1641,0.593693,20.877392,0.000000,1.040541,1,0.086804,0.032110,1.000000,1.000000,-0.086790,-0.031645,1.000000,1.000000
536,51,220,261,1706,0.146213,12.078881,0.000000,-1.100000,1,-0.074153,0.098235,1.000000,1.000000,0.074170,-0.096809,1.000000,1.000000
537,221,220,1707,1706,10.879137,-154.416647,0.000000,-1.052174,1,0.069480,-0.093068,1.000000,1.000000,-0.069473,0.092969,1.000000,1.000000
538,222,220,1708,1706,0.589904,20.841405,0.000000,-1.040541,1,0.004668,-0.005167,1.000000,1.000000,-0.004668,0.005170,1.000000,1.000000
539,220,221,1706,1707,10.879137,-154.416647,0.000000,1.052174,1,-0.069473,0.092969,1.000000,1.000000,0.069480,-0.093068,1.000000,1.000000
540,220,222,1706,1708,0.589904,20.841405,0.000000,1.040541,1,-0.004668,0.005170,1.000000,1.000000,0.004668,-0.005167,1.000000,1.000000
541,43,223,233,1727,0.120608,10.130687,0.000000,-1.016304,1,0.111923,-0.053437,1.000000,1.000000,-0.111904,0.054972,1.000000,1.000000
542,224,223,1728,1727,12.026223,-141.182635,0.000000,-1.052174,1,-0.004146,-0.009661,1.000000,1.000000,0.004146,0.009660,1.000000,1.000000
543,225,223,1729,1727,0.394965,16.797718,0.000000,-1.040541,1,-0.107778,0.063098,1.000000,1.000000,0.107800,-0.062159,1.000000,1.000000
544,223,224,1727,1728,12.026223,-141.182635,0.000000,1.052174,1,0.004146,0.009660,1.000000,1.000000,-0.004146,-0.009661,1.000000,1.000000
545,223,225,1727,1729,0.394965,16.797718,0.000000,1.040541,1,0.107800,-0.062159,1.000000,1.000000,-0.107778,0.063098,1.000000,1.000000
546,43,226,233,1730,0.123074,10.164727,0.000000,-1.016304,1,0.009015,-0.075676,1.000000,1.000000,-0.009008,0.076256,1.000000,1.000000
547,227,226,1731,1730,11.805188,-139.888517,0.000000,-1.052174,1,-0.004516,-0.009161,1.000000,1.000000,0.004516,0.009160,1.000000,1.000000
548,228,226,1732,1730,0.395719,16.759895,0.000000,-1.040541,1,-0.004500,0.084836,1.000000,1.000000,0.004510,-0.084399,1.000000,1.000000
549,226,227,1730,1731,11.805188,-139.888517,0.000000,1.052174,1,0.004516,0.009160,1.000000,1.000000,-0.004516,-0.009161,1.000000,1.000000
550,226,228,1730,1732,0.395719,16.759895,0.000000,1.040541,1,0.004510,-0.084399,1.000000,1.000000,-0.004500,0.084836,1.000000,1.000000
551,64,229,340,1808,0.258520,20.049606,0.000000,-0.992391,1,-0.162154,-0.026516,1.000000,1.000000,0.162170,0.027794,1.000000,1.000000
552,230,229,1809,1808,1.627227,50.279530,0.000000,-1.000000,1,0.017460,-0.020756,1.000000,1.000000,-0.017460,0.020770,1.000000,1.000000
553,231,229,1810,1808,19.537864,40.169146,0.000000,-1.000000,1,0.144693,0.047273,1.000000,1.000000,-0.144478,-0.046830,1.000000,1.000000
554,229,230,1808,1809,1.627227,50.279530,0.000000,1.000000,1,-0.017460,0.020770,1.000000,1.000000,0.017460,-0.020756,1.000000,1.000000
555,229,231,1808,1810,19.537864,40.169146,0.000000,1.000000,1,-0.144478,-0.046830,1.000000,1.000000,0.144693,0.047273,1.000000,1.000000
556,64,232,340,1811,0.258520,20.049606,0.000000,-0.992391,1,-0.158852,-0.040744,1.000000,1.000000,0.158869,0.042018,1.000000,1.000000
557,233,232,1812,1811,1.627227,50.279530,0.000000,-1.000000,1,0.001520,-0.009788,1.000000,1.000000,-0.001520,0.009790,1.000000,1.000000
558,234,232,1813,1811,19.537864,40.169146,0.000000,-1.000000,1,0.157332,0.050532,1.000000,1.000000,-0.157078,-0.050010,1.000000,1.000000
559,232,233,1811,1812,1.627227,50.279530,0.000000,1.000000,1,-0.001520,0.009790,1.000000,1.000000,0.001520,-0.009788,1.000000,1.000000
560,232,234,1811,1813,19.537864,40.169146,0.000000,1.000000,1,-0.157078,-0.050010,1.000000,1.000000,0.157332,0.050532,1.000000,1.000000
561,65,235,342,1820,0.228989,48.838975,0.000000,-1.000000,1,-1.779740,0.039122,1.000000,1.000000,1.780020,0.021137,1.000000,1.000000
562,66,235,347,1820,3.890625,-319.952690,0.000000,-1.000000,1,1.779600,0.586796,1.000000,1.000000,-1.779480,-0.596986,1.000000,1.000000
563,236,235,1821,1820,0.251137,24.839095,0.000000,-0.972973,1,0.000148,-0.625925,1.000000,1.000000,-0.000000,0.640571,1.000000,1.000000
564,235,236,1820,1821,0.251137,24.839095,0.000000,0.972973,1,-0.000000,0.640571,1.000000,1.000000,0.000148,-0.625925,1.000000,1.000000
565,65,237,342,1822,0.229532,48.644147,0.000000,-1.000000,1,-1.769690,0.039194,1.000000,1.000000,1.769980,0.020625,1.000000,1.000000
566,66,237,347,1822,3.723941,-321.603711,0.000000,-1.000000,1,1.769550,0.586747,1.000000,1.000000,-1.769440,-0.596782,1.000000,1.000000
567,67,238,364,1915,0.240791,51.439202,0.000000,-1.047619,1,2.272660,-1.147770,1.000000,1.000000,-2.272010,1.286590,1.000000,1.000000
568,70,238,378,1915,4.053500,-251.633671,0.000000,-1.050000,1,-2.273440,0.164823,1.000000,1.000000,2.273800,-0.187564,1.000000,1.000000
569,239,238,1916,1915,0.318762,23.143758,0.000000,-0.972973,1,0.000633,0.982943,1.000000,1.000000,-0.000000,-0.936961,1.000000,1.000000
570,238,239,1915,1916,0.318762,23.143758,0.000000,0.972973,1,-0.000000,-0.936961,1.000000,1.000000,0.000633,0.982943,1.000000,1.000000
571,67,240,364,1917,0.235679,52.047025,0.000000,-1.047619,1,2.289780,-1.164300,1.000000,1.000000,-2.289150,1.303990,1.000000,1.000000
572,70,240,378,1917,4.619941,-258.716673,0.000000,-1.050000,1,-2.290560,0.181480,1.000000,1.000000,2.290960,-0.203957,1.000000,1.000000
573,241,240,1918,1917,0.318762,23.143758,0.000000,-0.972973,1,0.000633,0.982819,1.000000,1.000000,-0.000000,-0.936843,1.000000,1.000000
574,240,241,1917,1918,0.318762,23.143758,0.000000,0.972973,1,-0.000000,-0.936843,1.000000,1.000000,0.000633,0.982819,1.000000,1.000000
575,69,242,377,1932,0.071714,2.395118,0.000000,-1.025870,1,0.045780,-0.002210,1.000000,1.000000,-0.045752,0.003131,1.000000,1.000000
576,71,243,379,1935,0.181876,6.645683,0.000000,-1.025870,1,0.511141,0.050772,1.000000,1.000000,-0.510022,-0.009860,1.000000,1.000000
577,71,244,379,1936,0.180012,6.656247,0.000000,-1.025870,1,0.307271,0.005520,1.000000,1.000000,-0.306870,0.009276,1.000000,1.000000
578,71,245,379,1937,0.058818,4.693151,0.000000,-1.025870,1,-0.040882,0.001640,1.000000,1.000000,0.040887,-0.001267,1.000000,1.000000
579,75,246,388,1946,0.104394,46.157161,0.000000,-1.000000,1,-0.723440,-0.175752,1.000000,1.000000,0.723466,0.187538,1.000000,1.000000
580,75,247,388,1948,0.104732,46.231848,0.000000,-1.000000,1,-0.724237,-0.176032,1.000000,1.000000,0.724264,0.187825,1.000000,1.000000
581,84,248,417,2012,0.160531,8.977902,0.000000,-1.052174,1,0.380009,-0.124133,1.000000,1.000000,-0.379656,0.143849,1.000000,1.000000
582,84,249,417,2013,0.093076,4.345833,0.000000,-1.052174,1,0.375179,-0.072955,1.000000,1.000000,-0.374372,0.110604,1.000000,1.000000
583,23,250,81,2026,41.949828,-746.706939,0.000000,-1.050000,1,-1.587830,0.014057,1.000000,1.000000,1.588040,-0.017712,1.000000,1.000000
584,25,250,90,2026,0.269552,72.699837,0.000000,-1.047619,1,1.586250,-1.935140,1.000000,1.000000,-1.585900,2.028640,1.000000,1.000000
585,251,250,2027,2026,0.245303,25.439690,0.000000,-0.972973,1,0.001519,1.921080,1.000000,1.000000,-0.000000,-1.763590,1.000000,1.000000
586,250,251,2026,2027,0.245303,25.439690,0.000000,0.972973,1,-0.000000,-1.763590,1.000000,1.000000,0.001519,1.921080,1.000000,1.000000
587,87,252,423,2033,0.178646,55.026108,0.000000,-1.000000,1,-1.960730,-0.085795,1.000000,1.000000,1.960940,0.150015,1.000000,1.000000
588,88,252,424,2033,47.314969,-610.963930,0.000000,-1.000000,1,1.960580,0.590714,1.000000,1.000000,-1.960090,-0.596972,1.000000,1.000000
589,253,252,2034,2033,0.317970,23.805277,0.000000,-0.972973,1,0.000131,-0.504932,1.000000,1.000000,-0.000000,0.514756,1.000000,1.000000
590,252,253,2033,2034,0.317970,23.805277,0.000000,0.972973,1,-0.000000,0.514756,1.000000,1.000000,0.000131,-0.504932,1.000000,1.000000
591,87,254,423,2035,0.183892,54.905221,0.000000,-1.000000,1,-1.998190,-0.034917,1.000000,1.000000,1.998410,0.101544,1.000000,1.000000
592,88,254,424,2035,31.375471,-498.023345,0.000000,-1.000000,1,1.998170,0.034905,1.000000,1.000000,-1.997710,-0.042222,1.000000,1.000000
593,89,255,426,2054,0.552906,48.195720,0.000000,-1.025000,1,3.411500,-1.962920,1.000000,1.000000,-3.407590,2.304390,1.000000,1.000000
594,73,256,386,2056,0.108806,46.189120,0.000000,-1.000000,1,-0.754996,-0.310397,1.000000,1.000000,0.755029,0.324548,1.000000,1.000000
595,91,256,432,2056,5.778343,-268.692939,0.000000,-1.000000,1,0.755001,0.310397,1.000000,1.000000,-0.754948,-0.312828,1.000000,1.000000
596,257,256,2057,2056,0.246766,24.622004,0.000000,-0.972973,1,0.000000,-0.000000,1.000000,1.000000,-0.000000,-0.000000,1.000000,1.000000
597,256,257,2056,2057,0.246766,24.622004,0.000000,0.972973,1,-0.000000,-0.000000,1.000000,1.000000,0.000000,-0.000000,1.000000,1.000000
598,73,258,386,2058,0.104920,45.808280,0.000000,-1.000000,1,-0.754574,-0.310118,1.000000,1.000000,0.754607,0.324371,1.000000,1.000000
599,91,258,432,2058,5.350539,-256.957996,0.000000,-1.000000,1,0.754579,0.310117,1.000000,1.000000,-0.754526,-0.312657,1.000000,1.000000
600,259,258,2059,2058,0.243750,24.531435,0.000000,-0.972973,1,0.000000,-0.000000,1.000000,1.000000,-0.000000,0.000000,1.000000,1.000000
601,258,259,2058,2059,0.243750,24.531435,0.000000,0.972973,1,-0.000000,0.000000,1.000000,1.000000,0.000000,-0.000000,1.000000,1.000000
602,94,260,447,2099,0.153606,12.042606,0.000000,-1.025000,1,0.278468,-0.051883,1.000000,1.000000,-0.278380,0.058724,1.000000,1.000000
603,261,260,2100,2099,10.205006,-143.805368,0.000000,-1.052174,1,-0.277378,0.052943,1.000000,1.000000,0.277419,-0.053510,1.000000,1.000000
604,262,260,2101,2099,0.532384,19.910449,0.000000,-1.040541,1,-0.001090,-0.001060,1.000000,1.000000,0.001090,0.001060,1.000000,1.000000
605,260,261,2099,2100,10.205006,-143.805368,0.000000,1.052174,1,0.277419,-0.053510,1.000000,1.000000,-0.277378,0.052943,1.000000,1.000000
606,260,262,2099,2101,0.532384,19.910449,0.000000,1.040541,1,0.001090,0.001060,1.000000,1.000000,-0.001090,-0.001060,1.000000,1.000000
607,94,263,447,2102,0.157629,12.147737,0.000000,-1.025000,1,0.281406,-0.053563,1.000000,1.000000,-0.281316,0.060500,1.000000,1.000000
608,264,263,2103,2102,10.374381,-144.987785,0.000000,-1.052174,1,-0.283247,0.054653,1.000000,1.000000,0.283289,-0.055240,1.000000,1.000000
609,265,263,2104,2102,0.521322,19.843728,0.000000,-1.040541,1,0.001840,-0.001090,1.000000,1.000000,-0.001840,0.001090,1.000000,1.000000
610,263,264,2102,2103,10.374381,-144.987785,0.000000,1.052174,1,0.283289,-0.055240,1.000000,1.000000,-0.283247,0.054653,1.000000,1.000000
611,263,265,2102,2104,0.521322,19.843728,0.000000,1.040541,1,-0.001840,0.001090,1.000000,1.000000,0.001840,-0.001090,1.000000,1.000000
612,95,266,450,2110,0.143963,7.044274,0.000000,-1.112298,1,0.012260,-0.033705,1.000000,1.000000,-0.012256,0.033927,1.000000,1.000000
613,95,267,450,2154,0.288337,5.050112,0.000000,-1.052174,1,0.035602,-0.028783,1.000000,1.000000,-0.035576,0.029232,1.000000,1.000000
614,97,268,458,2191,23.012071,-646.429991,0.000000,-1.052174,1,-0.545128,-0.136476,1.000000,1.000000,0.545147,0.135948,1.000000,1.000000
615,98,268,459,2191,0.271909,58.666971,0.000000,-1.047619,1,0.544611,-0.868238,1.000000,1.000000,-0.544521,0.887644,1.000000,1.000000
616,269,268,2192,2191,0.311708,26.287877,0.000000,-0.972973,1,0.000493,1.004710,1.000000,1.000000,-0.000000,-0.963100,1.000000,1.000000
617,268,269,2191,2192,0.311708,26.287877,0.000000,0.972973,1,-0.000000,-0.963100,1.000000,1.000000,0.000493,1.004710,1.000000,1.000000
618,99,270,462,2195,0.224222,51.360089,0.000000,-1.047619,1,1.070130,-0.868242,1.000000,1.000000,-1.069950,0.909011,1.000000,1.000000
619,102,270,477,2195,4.430876,-263.083269,0.000000,-1.052174,1,-1.070760,-0.155851,1.000000,1.000000,1.070840,0.150946,1.000000,1.000000
620,271,270,2196,2195,15.176989,187.917425,0.000000,-0.972973,1,0.000494,1.024090,1.000000,1.000000,-0.000000,-1.017980,1.000000,1.000000
621,270,271,2195,2196,15.176989,187.917425,0.000000,0.972973,1,-0.000000,-1.017980,1.000000,1.000000,0.000494,1.024090,1.000000,1.000000
622,100,272,464,2199,0.220622,9.297090,0.000000,-1.052174,1,0.449813,-0.038857,1.000000,1.000000,-0.449234,0.063280,1.000000,1.000000
623,101,273,472,2226,0.140244,6.995089,0.000000,-1.011180,1,-0.007857,0.207790,1.000000,1.000000,0.007974,-0.201942,1.000000,1.000000
624,7,274,10,2245,99.009901,990.099010,0.000000,-1.000000,1,0.014734,-12.499300,1.000000,1.000000,-0.001456,12.632100,1.000000,1.000000
625,7,275,10,2246,99.009901,990.099010,0.000000,-1.000000,1,0.015020,12.701800,1.000000,1.000000,-0.001872,-12.570400,1.000000,1.000000
626,103,276,481,2251,0.146255,10.293720,0.000000,-1.037500,1,-0.155117,-0.082345,1.000000,1.000000,0.155163,0.085630,1.000000,1.000000
627,20,277,73,2279,0.095313,10.063813,0.000000,-1.000000,1,0.009829,0.028253,1.000000,1.000000,-0.009828,-0.028166,1.000000,1.000000
628,20,278,73,2282,0.147944,10.048073,0.000000,-1.000000,1,0.010189,0.027283,1.000000,1.000000,-0.010188,-0.027200,1.000000,1.000000
629,99,279,462,2357,0.190579,52.177754,0.000000,-1.047619,1,1.032910,-0.817251,1.000000,1.000000,-1.032770,0.853809,1.000000,1.000000
630,102,279,477,2357,6.725627,-346.489901,0.000000,-1.052174,1,-1.034130,-0.640917,1.000000,1.000000,1.034220,0.636222,1.000000,1.000000
631,280,279,2358,2357,0.342659,27.143767,0.000000,-0.972973,1,0.001087,1.458170,1.000000,1.000000,-0.000000,-1.372050,1.000000,1.000000
632,279,280,2357,2358,0.342659,27.143767,0.000000,0.972973,1,-0.000000,-1.372050,1.000000,1.000000,0.001087,1.458170,1.000000,1.000000
633,109,281,532,2372,0.064512,11.920307,0.000000,-1.050000,1,0.154091,-0.053462,1.000000,1.000000,-0.154078,0.055894,1.000000,1.000000
634,109,282,532,2375,0.064503,11.919454,0.000000,-1.050000,1,0.154281,-0.052991,1.000000,1.000000,-0.154268,0.055424,1.000000,1.000000
635,101,283,472,2392,0.093374,3.644581,0.000000,-1.011180,1,0.001292,0.106976,1.000000,1.000000,-0.001216,-0.104004,1.000000,1.000000
636,112,284,549,2420,0.310185,17.788185,0.000000,-1.047619,1,0.957521,-0.005965,1.000000,1.000000,-0.956579,0.059968,1.000000,1.000000
637,112,285,549,2421,0.118069,17.354583,0.000000,-1.047619,1,0.820433,0.012214,1.000000,1.000000,-0.820157,0.028376,1.000000,1.000000
638,129,285,647,2421,21.377472,-209.730332,0.000000,-1.021739,1,-0.780476,0.002842,1.000000,1.000000,0.780783,-0.005849,1.000000,1.000000
639,286,285,2422,2421,0.141017,7.913702,0.000000,-1.040541,1,-0.039958,-0.015055,1.000000,1.000000,0.039963,0.015296,1.000000,1.000000
640,285,286,2421,2422,0.141017,7.913702,0.000000,1.040541,1,0.039963,0.015296,1.000000,1.000000,-0.039958,-0.015055,1.000000,1.000000
641,287,286,2423,2422,0.097146,1.889551,0.000000,1.000000,1,-0.039962,-0.015296,1.000000,1.000000,0.040010,0.016226,1.000000,1.000000
642,286,287,2422,2423,0.097146,1.889551,0.000000,-1.000000,1,0.040010,0.016226,1.000000,1.000000,-0.039962,-0.015296,1.000000,1.000000
643,95,288,450,2491,0.131573,4.204655,0.000000,-1.014972,1,0.039574,-0.049509,1.000000,1.000000,-0.039543,0.050485,1.000000,1.000000
644,115,289,582,2503,0.175865,7.759990,0.000000,-1.028876,1,0.046961,-0.122976,1.000000,1.000000,-0.046906,0.125383,1.000000,1.000000
645,116,290,585,2513,0.202925,10.065794,0.000000,-1.052174,1,0.963719,0.107239,1.000000,1.000000,-0.961686,-0.006418,1.000000,1.000000
646,116,291,585,2514,0.124218,10.294299,0.000000,-1.052174,1,0.028281,-0.010692,1.000000,1.000000,-0.028279,0.010790,1.000000,1.000000
647,120,292,599,2548,0.226590,13.011464,0.000000,-1.011180,1,0.088041,-0.102613,1.000000,1.000000,-0.088016,0.104025,1.000000,1.000000
648,122,293,606,2565,0.121649,7.950615,0.000000,-0.999565,1,0.037302,-0.019614,1.000000,1.000000,-0.037299,0.019838,1.000000,1.000000
649,124,294,621,2595,0.141981,11.588969,0.000000,-1.037500,1,-0.009631,-0.030986,1.000000,1.000000,0.009632,0.031081,1.000000,1.000000
650,124,295,621,2598,0.124715,11.604569,0.000000,-1.037500,1,-0.009455,-0.030645,1.000000,1.000000,0.009456,0.030738,1.000000,1.000000
651,125,296,627,2612,0.165670,7.195610,0.000000,-1.011180,1,-0.004919,-0.074840,1.000000,1.000000,0.004937,0.075631,1.000000,1.000000
652,126,297,628,2613,0.165088,8.944058,0.000000,-1.000000,1,0.507047,0.096000,1.000000,1.000000,-0.506523,-0.067604,1.000000,1.000000
653,126,298,628,2614,99.009901,990.099010,0.000000,-1.000000,1,0.291837,-4.580750,1.000000,1.000000,-0.289768,4.601430,1.000000,1.000000
654,115,299,582,2615,27.203550,180.888552,0.000000,-1.059137,1,-0.007109,-1.110340,1.000000,1.000000,0.008232,1.117800,1.000000,1.000000
655,115,300,582,2616,0.167594,7.814770,0.000000,-1.028876,1,0.007041,-0.133929,1.000000,1.000000,-0.006987,0.136417,1.000000,1.000000